Euclidian 1,Euclidian 1,Euclidian 2,Euclidian 2,Manhatten 1,Manhatten 1,Manhatten 2,Manhatten 2
-0.045974158,0.033560859,-0.106047083,0.039098187,-0.08086207,0.019431194,0.036929774,0.009809127
-0.045974142,0.033560851,-0.106047112,0.03909819,-0.080862069,0.019431193,0.03692979,0.009809126
-0.045974128,0.033560854,-0.1060471,0.039098182,-0.080862062,0.019431193,0.036929793,0.009809126
-0.04597414,0.033560845,-0.106047044,0.039098184,-0.080862038,0.019431194,0.03692977,0.009809127
-0.04597416,0.033560844,-0.106047078,0.039098179,-0.080862066,0.019431193,0.036929819,0.009809125
-0.045974129,0.033560839,-0.106047081,0.039098181,-0.080862042,0.019431193,0.036929812,0.009809124
-0.04597416,0.033560844,-0.106047024,0.039098183,-0.080862002,0.019431195,0.036929805,0.009809124
-0.045974156,0.033560841,-0.10604704,0.039098176,-0.080862054,0.019431192,0.036929839,0.009809123
-0.045974098,0.033560833,-0.106047076,0.039098169,-0.080862045,0.019431193,0.036929808,0.009809124
-0.045974125,0.033560834,-0.106047031,0.039098172,-0.080861983,0.019431195,0.036929823,0.009809123
-0.045974148,0.033560831,-0.106046994,0.039098174,-0.080861994,0.019431194,0.036929851,0.009809122
-0.04597409,0.033560829,-0.106047041,0.039098167,-0.080862032,0.019431192,0.036929827,0.009809123
-0.045974089,0.033560828,-0.106047028,0.039098166,-0.080861999,0.019431194,0.036929872,0.009809121
-0.045974131,0.033560829,-0.106046983,0.039098167,-0.080861966,0.019431194,0.036929874,0.00980912
-0.045974123,0.03356082,-0.106047011,0.039098163,-0.080862002,0.019431193,0.036929842,0.009809121
-0.045974059,0.033560812,-0.106047,0.039098161,-0.080861943,0.019431195,0.036929887,0.009809119
-0.045974079,0.033560813,-0.10604698,0.03909816,-0.08086196,0.019431194,0.036929875,0.009809119
-0.045974106,0.033560816,-0.10604701,0.039098155,-0.080861981,0.019431193,0.036929865,0.00980912
-0.045974064,0.033560802,-0.106046968,0.03909816,-0.080861937,0.019431194,0.036929904,0.009809118
-0.045974075,0.033560801,-0.106046965,0.039098155,-0.080861925,0.019431195,0.036929883,0.009809119
-0.045974068,0.033560804,-0.106046983,0.039098149,-0.080861947,0.019431193,0.036929895,0.009809118
-0.045974042,0.033560794,-0.106046948,0.039098148,-0.080861921,0.019431194,0.036929919,0.009809116
-0.045974077,0.03356079,-0.106046975,0.039098148,-0.080861941,0.019431193,0.03692989,0.009809117
-0.045974047,0.03356079,-0.106046967,0.039098147,-0.080861945,0.019431193,0.036929932,0.009809116
-0.045974025,0.03356079,-0.106046911,0.03909815,-0.080861902,0.019431194,0.036929917,0.009809116
-0.045974052,0.03356079,-0.106046951,0.039098144,-0.080861917,0.019431194,0.036929904,0.009809116
-0.045974018,0.033560775,-0.106046969,0.03909814,-0.080861901,0.019431194,0.036929954,0.009809114
-0.045974045,0.033560779,-0.106046908,0.039098145,-0.080861893,0.019431194,0.036929934,0.009809115
-0.04597404,0.033560782,-0.106046903,0.039098143,-0.080861916,0.019431193,0.036929943,0.009809114
-0.045973985,0.033560774,-0.10604694,0.03909814,-0.080861877,0.019431194,0.036929964,0.009809113
-0.045974015,0.03356077,-0.106046912,0.039098132,-0.080861884,0.019431193,0.03692994,0.009809114
-0.045974046,0.033560769,-0.106046878,0.039098133,-0.080861888,0.019431193,0.036929948,0.009809113
-0.045974018,0.033560772,-0.106046901,0.039098133,-0.080861849,0.019431194,0.03692999,0.009809111
-0.04597397,0.033560758,-0.106046924,0.039098132,-0.080861865,0.019431194,0.036929959,0.009809112
-0.045973966,0.033560742,-0.106046869,0.039098127,-0.08086186,0.019431193,0.036929997,0.009809111
-0.045973992,0.033560743,-0.106046857,0.039098126,-0.080861834,0.019431194,0.036929978,0.009809111
-0.042666464,0.033111301,-0.1060469,0.039098122,-0.080861857,0.019431193,0.036929961,0.009809111
-0.033322774,0.032014829,-0.106046865,0.039098126,-0.080861821,0.019431195,0.036930017,0.009809109
-0.023240878,0.031344057,-0.106046849,0.039098118,-0.080861831,0.019431193,0.036930007,0.009809109
-0.013137856,0.031187297,-0.106046864,0.039098115,-0.080861839,0.019431193,0.036929969,0.009809111
-0.003037465,0.031543304,-0.106046832,0.039098122,-0.080861802,0.019431194,0.036929998,0.009809109
0.007034561,0.032411418,-0.106046858,0.039098113,-0.080861817,0.019431193,0.036930061,0.009809106
0.017046317,0.033789064,-0.106046809,0.039098114,-0.080861825,0.019431193,0.036930019,0.009809108
0.026968961,0.035672784,-0.106046806,0.039098114,-0.08086179,0.019431194,0.03693003,0.009809107
0.036780103,0.038058995,-0.106046849,0.039098109,-0.080861812,0.019431193,0.036930064,0.009809105
0.043249322,0.039926764,-0.106046826,0.039098103,-0.080861803,0.019431193,0.03693004,0.009809106
0.052827861,0.043138576,-0.106046768,0.039098109,-0.080861761,0.019431195,0.03693005,0.009809106
0.062234075,0.046835115,-0.106046816,0.039098103,-0.08086179,0.019431193,0.036930065,0.009809105
0.071442101,0.051006192,-0.106046814,0.039098101,-0.080861758,0.019431195,0.036930036,0.009809106
0.080423185,0.055638533,-0.10604677,0.0390981,-0.080861773,0.019431193,0.036930065,0.009809104
0.089152614,0.060719817,-0.106046786,0.039098102,-0.080861784,0.019431193,0.036930101,0.009809103
0.097610508,0.066239443,-0.106046766,0.039098095,-0.080861735,0.019431195,0.036930047,0.009809105
0.105778662,0.072185022,-0.106046768,0.039098096,-0.080861752,0.019431194,0.036930056,0.009809104
0.113636129,0.078541054,-0.106046791,0.039098095,-0.080861746,0.019431193,0.036930098,0.009809102
0.121159875,0.085289042,-0.106046772,0.03909809,-0.080861724,0.019431195,0.036930113,0.009809101
0.128328182,0.092409636,-0.106046726,0.039098094,-0.080861752,0.019431193,0.036930089,0.009809102
0.135122651,0.099884479,-0.106046771,0.039098086,-0.080861746,0.019431193,0.036930127,0.0098091
0.1415469,0.107696736,-0.106046753,0.039098087,-0.080861697,0.019431195,0.036930115,0.0098091
0.145654677,0.113052192,-0.106046704,0.039098083,-0.080861737,0.019431193,0.036930194,0.009809096
0.153469491,0.124069171,-0.10604674,0.039098082,-0.080861747,0.019431192,0.036930162,0.009809097
0.158947375,0.132592356,-0.106046754,0.039098078,-0.080861692,0.019431194,0.042988453,0.009525928
0.164121576,0.141307913,-0.106046702,0.039098082,-0.080861672,0.019431195,0.053001506,0.009382722
0.167413686,0.147210785,-0.1060467,0.039098083,-0.080861725,0.019431193,0.063096576,0.009753661
0.172125474,0.156193108,-0.106046712,0.039098076,-0.080861747,0.019431191,0.073163553,0.010641276
0.176554198,0.165251479,-0.106046677,0.039098079,-0.080861682,0.019431194,0.083174859,0.012040363
0.180903969,0.174481763,-0.106046705,0.039098071,-0.080861632,0.019431196,0.089804197,0.013254763
0.185270043,0.183699031,-0.106046682,0.039098075,-0.080861646,0.019431194,0.099658352,0.015494431
0.189618446,0.192923918,-0.106046676,0.039098067,-0.080861614,0.019431195,0.109379939,0.018231269
0.193980187,0.202148063,-0.106046704,0.039098065,-0.077537294,0.019573125,0.11894697,0.02145968
0.198381453,0.211359191,-0.106046655,0.039098068,-0.068171578,0.020142022,0.128339803,0.02517301
0.202858196,0.220554957,-0.106046639,0.03909807,-0.058129584,0.021260292,0.137534602,0.029361691
0.207549283,0.229665313,-0.106046685,0.039098063,-0.04815733,0.022888249,0.146507502,0.034014658
0.212451217,0.238654007,-0.106046673,0.039098057,-0.038278137,0.025020831,0.15523208,0.039118137
0.217508325,0.247549933,-0.106046611,0.039098065,-0.028517705,0.027652973,0.163681767,0.044656755
0.22096315,0.25343017,-0.106046647,0.039098055,-0.01890739,0.030776627,0.171834997,0.05061712
0.22626065,0.262179232,-0.106046656,0.039098056,-0.009474352,0.034383462,0.179674083,0.056986386
0.233487271,0.273732169,-0.106046623,0.039098052,-0.000239437,0.038466116,0.187181071,0.063749904
0.237157968,0.279474498,-0.106046596,0.039098053,0.008778173,0.043015692,0.194335579,0.070888803
0.242807674,0.288012371,-0.106046642,0.039098047,0.017555466,0.048020565,0.201116327,0.078382307
0.248614906,0.296438877,-0.106046624,0.03909805,0.026069689,0.053467662,0.207504431,0.086209272
0.254542188,0.304770438,-0.106046583,0.039098047,0.034295645,0.059341015,0.213505308,0.094352453
0.260580156,0.313021306,-0.106046604,0.039098049,0.042208284,0.065622769,0.219189487,0.102737247
0.266718227,0.321195051,-0.106046576,0.039098044,0.04729919,0.070029971,0.224574198,0.111317627
0.272939245,0.329301741,-0.106046593,0.039098044,0.054649069,0.076959191,0.229623068,0.120105634
0.279231996,0.337350015,-0.106046603,0.039098045,0.061672013,0.084235877,0.232820586,0.126060178
0.28560175,0.345344096,-0.106046552,0.039098037,0.068344181,0.09183764,0.2373899,0.135117821
0.292076402,0.353255958,-0.10604655,0.039098036,0.074689539,0.099731603,0.241695019,0.144305854
0.298642852,0.361087736,-0.106046591,0.039098033,0.080727786,0.107865603,0.245717351,0.153539313
0.305282568,0.368855017,-0.106046549,0.039098037,0.086473278,0.11621276,0.249669692,0.162949263
0.311993108,0.376559149,-0.106046521,0.039098035,0.091913808,0.124685866,0.253652179,0.172341815
0.318767072,0.384204255,-0.106046563,0.039098032,0.097299822,0.133334618,0.257628738,0.181735967
0.325598209,0.391799264,-0.10604657,0.039098028,0.102619995,0.142020889,0.261629369,0.191124552
0.332493756,0.399336334,-0.106046514,0.03909803,0.107854139,0.150759696,0.265678242,0.200497181
0.337124319,0.404329452,-0.106046524,0.039098029,0.113029552,0.159535,0.269784625,0.209846549
0.344109734,0.411779032,-0.10604652,0.039098022,0.118156458,0.168338363,0.273971931,0.219180321
0.351139977,0.419184577,-0.106046503,0.039098025,0.12325046,0.177178497,0.276889825,0.225357727
0.358211104,0.426549487,-0.106046538,0.039098021,0.128424723,0.185991996,0.281449694,0.234530686
0.365317789,0.433878253,-0.106046504,0.039098023,0.133684743,0.194748953,0.286172635,0.243603146
0.372454447,0.441175832,-0.106046465,0.039098019,0.137218069,0.20056886,0.291047493,0.252596094
0.379618391,0.448446854,-0.106046506,0.039098021,0.142567578,0.209266617,0.296061793,0.26151082
0.386809308,0.455690449,-0.106046504,0.039098014,0.147973663,0.217929205,0.301188071,0.270355188
0.394023417,0.462909422,-0.106046451,0.039098013,0.153420917,0.22656213,0.306403794,0.279140991
0.401257163,0.470107664,-0.106046474,0.039098013,0.158916459,0.235177271,0.311720424,0.287880837
0.408508852,0.47728715,-0.106046492,0.039098014,0.164530068,0.243722869,0.317210329,0.296518314
0.415776797,0.484449594,-0.106046448,0.039098007,0.170249761,0.252192127,0.32285361,0.305050431
0.42305913,0.491596931,-0.106046452,0.039098006,0.176044028,0.260607515,0.32861243,0.313501929
0.43035449,0.498730457,-0.106046445,0.039098007,0.181914365,0.268968812,0.334483711,0.321872815
0.437661182,0.505851697,-0.106046418,0.039098009,0.187852948,0.27727883,0.340454561,0.330167907
0.442537912,0.510593131,-0.106046458,0.039098,0.193842163,0.285548681,0.346503581,0.338400985
0.449860619,0.517696983,-0.106046451,0.039098002,0.199870532,0.293787728,0.352630567,0.34658383
0.457191621,0.524792039,-0.106046388,0.039098003,0.205948834,0.301998648,0.358873001,0.35468293
0.464530018,0.531879223,-0.10604641,0.039098001,0.210051775,0.307436932,0.365218603,0.362696952
0.47187495,0.538959259,-0.106046441,0.039097997,0.218363724,0.318230639,0.371644735,0.370643505
0.479224952,0.546033016,-0.106046387,0.039097995,0.224673389,0.326264631,0.378148778,0.378524377
0.486577863,0.553103403,-0.106046381,0.039097995,0.231046057,0.334247611,0.382525036,0.383743287
0.493933275,0.560171158,-0.106046424,0.039097991,0.237475781,0.342181858,0.389139267,0.391526226
0.501291189,0.56723604,-0.106046416,0.039097987,0.243952448,0.350075344,0.395805957,0.399263477
0.508651086,0.57429875,-0.106046341,0.03909799,0.2482948,0.355318772,0.402539861,0.406947359
0.516012758,0.581359669,-0.106046382,0.039097991,0.254864446,0.363142188,0.409334417,0.414573461
0.523376263,0.588418669,-0.106046387,0.039097984,0.261495292,0.370911926,0.416176936,0.422153891
0.530701802,0.595477677,-0.106046341,0.039097983,0.268174642,0.3786358,0.423064146,0.429692129
0.537780229,0.602726632,-0.10604636,0.039097984,0.274898752,0.386319443,0.429991233,0.437191989
0.544618251,0.610220216,-0.106046358,0.03909798,0.281663045,0.393966238,0.436952159,0.444658799
0.54907936,0.615308187,-0.10604633,0.039097978,0.288461171,0.4015813,0.443944586,0.452096735
0.557730178,0.625717969,-0.106046357,0.03909798,0.295291005,0.409168862,0.450971763,0.459501653
0.563997387,0.633713388,-0.10604634,0.039097974,0.299864753,0.414208781,0.458029612,0.466875659
0.570111535,0.641835148,-0.106046308,0.039097977,0.306752183,0.421743009,0.46511315,0.474223888
0.574098461,0.647298914,-0.106046331,0.039097973,0.313665911,0.429250851,0.472220594,0.481548323
0.579712929,0.655705354,-0.106046289,0.039097976,0.320603816,0.436735827,0.479349458,0.488850907
0.584969495,0.664347806,-0.106046314,0.039097974,0.327563702,0.444199747,0.484112429,0.493708589
0.589936489,0.673188122,-0.106046323,0.039097967,0.33454244,0.451644993,0.491270728,0.500980791
0.594610898,0.68218757,-0.106046282,0.039097967,0.341537828,0.459073934,0.49844498,0.508237044
0.599011181,0.691331592,-0.106046298,0.039097968,0.348550007,0.466486934,0.505633349,0.515478678
0.603114371,0.700574839,-0.106046285,0.039097962,0.355576809,0.473885401,0.512833504,0.522707534
0.606807561,0.710009457,-0.106046255,0.039097965,0.36261577,0.481271566,0.520044068,0.529925566
0.610134819,0.719583083,-0.106046288,0.039097961,0.369665557,0.488646794,0.527263769,0.53713413
0.613161222,0.729260675,-0.106046246,0.039097963,0.376724762,0.496012589,0.53449138,0.544334417
0.615896195,0.739030506,-0.106046257,0.039097956,0.383792073,0.50337024,0.541725648,0.55152721
0.618367142,0.748879307,-0.106046265,0.039097955,0.39086652,0.510720535,0.548964649,0.558714799
0.61989064,0.75547662,-0.106046229,0.039097959,0.397947093,0.518064685,0.556207774,0.565898104
0.621967961,0.765415461,-0.10604624,0.039097952,0.405033085,0.525403479,0.563454722,0.573077306
0.623808001,0.775404109,-0.10604625,0.039097951,0.412124148,0.532737109,0.570705142,0.580252973
0.625439755,0.785435698,-0.106046212,0.03909795,0.419219913,0.540066098,0.577958804,0.587425247
0.626877726,0.795498611,-0.106046233,0.039097951,0.42632015,0.547390801,0.585215462,0.594594355
0.628131158,0.80558778,-0.106046223,0.039097945,0.433424726,0.554711159,0.592474302,0.601760743
0.629208608,0.815699359,-0.106046198,0.039097948,0.44053298,0.562027441,0.599733282,0.608926526
0.630125954,0.825829404,-0.106046229,0.039097945,0.445273088,0.566903652,0.606992247,0.616092258
0.630896441,0.835974024,-0.10604619,0.039097943,0.452385065,0.574216082,0.611831792,0.620869209
0.631530673,0.846130266,-0.106046188,0.03909794,0.459499326,0.581526273,0.619091244,0.62803458
0.632042929,0.856297736,-0.1060462,0.039097939,0.46661563,0.588834452,0.626350728,0.6351998
0.632460986,0.866472601,-0.106046166,0.039097938,0.473733919,0.596140657,0.633610277,0.642364869
0.6327944,0.876651697,-0.10604619,0.039097939,0.480854277,0.603444822,0.640869581,0.649529936
0.633045677,0.886834303,-0.106046183,0.039097933,0.487917245,0.610751424,0.648127644,0.656696239
0.633171187,0.893624052,-0.106046141,0.039097938,0.494722587,0.618264035,0.655384592,0.6638637
0.633300894,0.903811471,-0.106046163,0.039097935,0.501279823,0.626006591,0.662640738,0.671031848
0.633406256,0.917403095,-0.106046157,0.039097929,0.507651641,0.63390776,0.669895983,0.678200986
0.633437977,0.924199229,-0.106046136,0.039097932,0.513822063,0.641970438,0.677150427,0.68537109
0.63345593,0.934393231,-0.106046171,0.039097928,0.519803312,0.650184037,0.681986358,0.690151482
0.633443947,0.944587694,-0.106046136,0.039097927,0.525637982,0.65851289,0.689239841,0.697322514
0.633404933,0.954783648,-0.106046114,0.039097925,0.531275513,0.666921815,0.696492829,0.704494074
0.6333617,0.964984551,-0.106046159,0.039097927,0.536531133,0.67557922,0.703744456,0.711666715
0.633322355,0.975185481,-0.106046151,0.039097922,0.53982936,0.681467003,0.71099465,0.718840735
0.633283299,0.985385424,-0.106046081,0.039097922,0.544558442,0.690439116,0.718243874,0.726015948
0.633246247,0.995585617,-0.106046094,0.039097921,0.548995844,0.699557483,0.725492201,0.733192172
0.633215134,1.005788602,-0.106046112,0.039097922,0.55314865,0.708812437,0.732739641,0.740369196
0.633207819,1.015993012,-0.106046068,0.039097918,0.557072459,0.718184976,0.73998628,0.747547107
0.633224225,1.026196781,-0.106046093,0.039097913,0.560741664,0.727615785,0.747196214,0.754726469
0.633258277,1.036400136,-0.10604608,0.039097915,0.564024484,0.737210872,0.754154761,0.762088522
0.633310399,1.046603261,-0.106046067,0.039097911,0.566976677,0.746915416,0.760866653,0.769694213
0.633381439,1.056807418,-0.106046098,0.039097911,0.569662885,0.756699872,0.767390341,0.777469158
0.633479407,1.067011612,-0.106046065,0.039097909,0.572083286,0.766556529,0.773709274,0.785414412
0.633558665,1.073814221,-0.106046033,0.039097909,0.574240525,0.776472572,0.779833909,0.793519031
0.633694625,1.084016926,-0.106046061,0.03909791,0.57612217,0.786449082,0.785802793,0.801748441
0.633851023,1.094219389,-0.106046091,0.039097902,0.577767421,0.796473906,0.791641189,0.81007892
0.634027228,1.104421619,-0.106046031,0.039097904,0.579205963,0.806533586,0.795527581,0.815669563
0.63422581,1.114623986,-0.106045999,0.039097906,0.580444258,0.816622309,0.801371279,0.824033986
0.634445587,1.124825111,-0.106046042,0.039097901,0.581165929,0.823360853,0.807217954,0.832390751
0.634683334,1.135025598,-0.106046015,0.0390979,0.582095679,0.833485104,0.813077712,0.840743435
0.634938052,1.14522548,-0.106046,0.039097897,0.5828541,0.843626623,0.818953067,0.849085992
0.635208904,1.155424782,-0.106046023,0.039097895,0.58345487,0.853781252,0.824836909,0.85741965
0.635495411,1.165623478,-0.106045985,0.039097895,0.58390879,0.863945775,0.8306638,0.865744892
0.635795916,1.175821559,-0.106046011,0.039097896,0.584230287,0.874119067,0.836220684,0.87422938
0.636109003,1.186019034,-0.106046024,0.039097891,0.584446578,0.884298437,0.84151245,0.882890277
0.636434037,1.19621593,-0.106045964,0.039097889,0.584569768,0.894480986,0.846603565,0.891673979
0.636769823,1.20641218,-0.106045968,0.039097894,0.584604389,0.904665756,0.851477129,0.900582194
0.637113852,1.216607765,-0.106046013,0.039097891,0.584559423,0.914851769,0.856182879,0.909616893
0.637347013,1.223404571,-0.106045993,0.039097885,0.58444555,0.92504202,0.860959347,0.918651615
0.637702203,1.233599559,-0.106045928,0.039097887,0.584294802,0.935234552,0.865840713,0.927626112
0.63806313,1.24379416,-0.106045961,0.039097882,0.584112476,0.945426642,0.870776138,0.936570401
0.638429463,1.25398867,-0.106045957,0.039097884,0.583894737,0.955618551,0.875787487,0.945473917
0.639039619,1.264278443,-0.106045916,0.039097882,0.583646769,0.965810207,0.880879032,0.954328812
0.640249634,1.274492269,-0.106045948,0.03909788,0.583374714,0.976005065,0.884308928,0.960213193
0.641892057,1.284640135,-0.106045924,0.039097878,0.583194725,0.982802694,0.889586651,0.968988042
0.643983088,1.294707958,-0.106045919,0.03909788,0.582926395,0.992999894,0.895045154,0.977648927
0.646586237,1.304693194,-0.106045946,0.039097879,0.582656444,1.003195586,0.900639631,0.986209855
0.64991551,1.314474396,-0.106045903,0.039097873,0.582386313,1.01339203,0.906361726,0.994686155
0.653900359,1.323989838,-0.106045899,0.039097873,0.582117406,1.023589418,0.912206839,1.003078297
0.658410886,1.333255184,-0.106045944,0.039097869,0.581947466,1.030391041,0.918177565,1.011388601
0.663404511,1.342256749,-0.106045917,0.039097872,0.581639618,1.043992675,0.924309369,1.019583462
0.668806271,1.351001472,-0.106045853,0.03909787,0.581430597,1.054193988,0.930584202,1.027663148
0.672589546,1.356711205,-0.106045879,0.039097869,0.581240593,1.064395494,0.936972107,1.035649299
0.678552625,1.36507904,-0.106045897,0.039097864,0.581124442,1.071197084,0.943464683,1.043547184
0.686988959,1.375859577,-0.106045847,0.039097868,0.58093095,1.084803273,0.950120497,1.051361463
0.691378144,1.381104785,-0.106045855,0.039097867,0.580853823,1.091606423,0.957135117,1.058879975
0.698143185,1.388807381,-0.106045871,0.039097859,0.580758174,1.101810238,0.96446309,1.06607661
0.705105145,1.396326234,-0.106045836,0.039097864,0.580686383,1.112014185,0.969474435,1.070738776
0.709840178,1.401245138,-0.106045872,0.039097858,0.58063761,1.122218328,0.979812211,1.079703578
0.719496712,1.410885783,-0.106045856,0.039097857,0.580614239,1.132423053,0.985121785,1.084012702
0.726871917,1.417972997,-0.106045807,0.039097858,0.5806147,1.142627247,0.993221739,1.090289787
0.734342217,1.424954516,-0.106045854,0.039097857,0.580635949,1.152830974,1.001440684,1.096376723
0.741888837,1.431846327,-0.106045865,0.039097852,0.580677089,1.163034352,1.00968357,1.102395066
0.749504491,1.438658724,-0.106045795,0.039097855,0.580736922,1.173237474,1.01793623,1.108395735
0.757178113,1.445402513,-0.106045783,0.039097854,0.580814019,1.183440266,1.026210119,1.114369085
0.764903932,1.452084469,-0.106045819,0.039097852,0.580906608,1.193642628,1.034487674,1.120329448
0.772673177,1.458709565,-0.106045783,0.039097846,0.581013587,1.203844585,1.042765225,1.126290409
0.780468574,1.465299183,-0.106045786,0.039097846,0.581134227,1.214046308,1.051127485,1.132221055
0.788286697,1.471861043,-0.106045793,0.039097846,0.581267376,1.224247517,1.059698753,1.137857749
0.796128663,1.478393551,-0.106045771,0.039097842,0.581361544,1.231048078,1.06844155,1.143211697
0.801368248,1.482734108,-0.106045786,0.039097842,0.581510601,1.241248593,1.077306403,1.148355484
0.809243266,1.489225277,-0.106045794,0.039097843,0.581668991,1.251449103,1.086298452,1.153270387
0.817136104,1.495694699,-0.10604574,0.039097844,0.58183618,1.261649343,1.095465116,1.15792766
0.825046282,1.502141545,-0.106045759,0.039097839,0.582027567,1.271869498,1.104810716,1.162172586
0.832957547,1.508579397,-0.106045798,0.039097834,0.582678617,1.282168296,1.111119202,1.164819048
0.840867958,1.515017981,-0.106045756,0.039097836,0.583908506,1.29237673,1.120652919,1.168581267
0.848780391,1.521455662,-0.106045709,0.039097832,0.585556769,1.302533078,1.130281703,1.172089908
0.85669252,1.52789295,-0.106045742,0.039097832,0.587672466,1.312598672,1.139986625,1.175362093
0.861966665,1.532184972,-0.106045733,0.039097831,0.590268287,1.322563242,1.149757386,1.178434899
0.872514907,1.540769465,-0.106045691,0.039097832,0.593499321,1.332366354,1.159609,1.181256853
0.880422216,1.5472089,-0.106045729,0.039097827,0.597315661,1.341937793,1.16952248,1.183831757
0.888316101,1.553662921,-0.10604569,0.03909783,0.601610296,1.351294299,1.179481888,1.1862047
0.893571477,1.557974223,-0.106045707,0.039097826,0.606362612,1.360419841,1.189483137,1.188383368
0.90407196,1.566612031,-0.106045727,0.039097822,0.609762429,1.366376447,1.199519601,1.190376709
0.909316243,1.570938137,-0.106045673,0.039097824,0.615210157,1.375101996,1.209590032,1.192198916
0.919793818,1.579604235,-0.106045682,0.039097822,0.621017871,1.383577604,1.219693228,1.193832299
0.925028501,1.583942685,-0.106045719,0.039097821,0.627117827,1.391830477,1.229820668,1.195287289
0.932876644,1.590455395,-0.10604571,0.039097818,0.63347653,1.399879591,1.239967191,1.196584599
0.940713381,1.596978747,-0.106045641,0.039097818,0.64005946,1.407737131,1.250130247,1.197730311
0.948538853,1.60351595,-0.106045653,0.039097817,0.646838912,1.415420404,1.260306258,1.198731837
0.956356055,1.610064589,-0.106045668,0.039097817,0.653791288,1.422940467,1.270492131,1.199601794
0.964164929,1.616623148,-0.106045621,0.039097818,0.66089148,1.430314182,1.280685833,1.200353134
0.971966422,1.623190932,-0.106045647,0.039097813,0.668120281,1.437556293,1.287485286,1.200792167
0.979761797,1.629766498,-0.106045641,0.039097811,0.67546334,1.444678269,1.297688576,1.201362311
0.987550621,1.636348941,-0.106045622,0.039097808,0.680415086,1.449363655,1.307894574,1.201832784
0.995330818,1.642941473,-0.106045651,0.039097812,0.690410103,1.4586218,1.318099142,1.202227153
1.003103878,1.649543202,-0.106045626,0.039097806,0.697976673,1.465486587,1.328304969,1.202558213
1.010871533,1.656151624,-0.106045588,0.039097809,0.705600351,1.472285361,1.33851208,1.202828463
1.018634059,1.662766255,-0.10604561,0.039097806,0.710710426,1.476785512,1.348719825,1.203043797
1.026392093,1.669386637,-0.106045588,0.039097803,0.720988204,1.485716511,1.358926216,1.203208637
1.031562111,1.673802767,-0.106045613,0.039097803,0.728743413,1.492359474,1.369127412,1.203349607
1.039314486,1.680430102,-0.106045617,0.039097805,0.733932695,1.496762086,1.379329164,1.203478313
1.047062204,1.687062185,-0.106045533,0.039097793,0.741719444,1.5033523,1.389530845,1.203591798
1.054805444,1.693699726,-0.106045571,0.039097793,0.749508481,1.509938527,1.399732287,1.20369442
1.062544853,1.700342002,-0.102695136,0.039100362,0.757304958,1.516518485,1.4099306,1.203791291
1.07028057,1.706988672,-0.09328992,0.039280119,0.765104793,1.523092614,1.420126978,1.203903468
1.078013052,1.713639372,-0.083209956,0.039981384,0.772906718,1.529664349,1.430323792,1.204031951
1.085742879,1.720293265,-0.0731786,0.041194554,0.78071184,1.536232556,1.437121634,1.204123413
1.093470312,1.726950014,-0.063219276,0.042915437,0.788513743,1.542797821,1.447318291,1.204271204
1.101195095,1.733609888,-0.053357997,0.045140005,0.796294779,1.549384347,1.45751426,1.204431741
1.108917535,1.740272539,-0.043626602,0.047861443,0.804057015,1.55599462,1.467707626,1.204615385
1.116637964,1.74693763,-0.034051392,0.051073435,0.811806368,1.562620578,1.47790105,1.204823785
1.124356239,1.753605118,-0.024654516,0.054768477,0.819541396,1.569263423,1.48809508,1.205052384
1.132072394,1.760275099,-0.01545504,0.058938954,0.827263486,1.575922502,1.498288761,1.205300055
1.137215354,1.764723145,-0.006476615,0.063573984,0.834976551,1.582593539,1.508481189,1.205566856
1.144928076,1.771397191,0.0022574,0.068661519,0.842678948,1.589273567,1.518672682,1.205857794
1.155208847,1.78029925,0.010720956,0.074186371,0.850360523,1.595975952,1.528863992,1.206171444
1.162917559,1.786978116,0.016200267,0.078104415,0.85547055,1.600456893,1.539055017,1.206504645
1.168055764,1.791431721,0.024161173,0.08432358,0.863124874,1.607193022,1.549245553,1.206856715
1.175761652,1.798113735,0.031836938,0.090910702,0.870764687,1.613945345,1.559435491,1.207226784
1.183465957,1.804797691,0.039245261,0.097815032,0.878390438,1.620713646,1.569625074,1.207614746
1.191168791,1.811483351,0.046391655,0.105003451,0.886004604,1.627496166,1.579814339,1.208018579
1.19887061,1.818170422,0.0532952,0.112433687,0.893607475,1.634290481,1.590003238,1.208436534
1.206571844,1.824858375,0.059973876,0.120070662,0.901194651,1.641101671,1.596795658,1.208722426
1.214272534,1.831546886,0.066441302,0.12789111,0.908768462,1.647928812,1.610483963,1.209185392
1.219406037,1.836006208,0.072657347,0.135826244,0.91633214,1.654767841,1.620775719,1.208844672
1.227105956,1.842695664,0.078821646,0.143943322,0.923885923,1.661618095,1.631021251,1.207916087
1.237371847,1.851615805,0.082897797,0.149378437,0.931430986,1.668478617,1.637833353,1.207065082
1.24507068,1.858306424,0.088953678,0.157566516,0.93896918,1.675347424,1.64797743,1.205394488
1.252769056,1.864997584,0.094952603,0.165800593,0.946500672,1.682222919,1.658027446,1.203286759
1.260466974,1.871689356,0.100905692,0.174070191,0.954023334,1.689107811,1.667985942,1.20103245
1.265598625,1.876150907,0.106818791,0.182370173,0.961537971,1.69600199,1.677926775,1.198753316
1.273295426,1.882843822,0.112698494,0.190699624,0.969045965,1.702903627,1.687862687,1.196443988
1.280991488,1.889537518,0.118619926,0.199022749,0.974047595,1.707508763,1.697796346,1.194146271
1.288686982,1.896231999,0.124588102,0.207306593,0.984042779,1.71672826,1.707770619,1.191805831
1.296381969,1.902927188,0.130584403,0.215566592,0.989036923,1.721341983,1.717674087,1.189128132
1.304076617,1.909622791,0.136616127,0.223800484,0.996524409,1.728266736,1.727476859,1.186132455
1.3117715,1.916318329,0.142682246,0.232008822,1.0040067,1.735196839,1.73720647,1.182918046
1.319466896,1.923013443,0.1487746,0.240197337,1.011484317,1.74213231,1.746853883,1.179464982
1.327162734,1.929707996,0.154903024,0.248369382,1.016467347,1.746758426,1.756417779,1.175753311
1.334859054,1.936401961,0.161113088,0.256483381,1.026428968,1.756015559,1.765849596,1.171716136
1.342555999,1.943095328,0.167397132,0.264536046,1.033896863,1.762962246,1.775149631,1.167406986
1.350253425,1.949788029,0.173735867,0.272544097,1.041362466,1.769911527,1.781290035,1.164414827
1.357951155,1.95648032,0.180129736,0.280507698,1.048826236,1.776862967,1.790406764,1.159745235
1.365649286,1.963172215,0.186572687,0.288429194,1.056288205,1.783816366,1.799417831,1.15487968
1.370781543,1.967633238,0.190888758,0.293691729,1.063748936,1.790771328,1.808317235,1.149808494
1.37848015,1.974324486,0.197389364,0.301562923,1.071208878,1.797727311,1.814185587,1.146325142
1.386179181,1.981015381,0.203945972,0.309394624,1.078668148,1.804683978,1.825793584,1.139158794
1.393878762,1.987705634,0.210558642,0.31717769,1.086126888,1.811641332,1.83439635,1.133626147
1.401579191,1.99439508,0.217215104,0.324919863,1.09109909,1.816279894,1.842918227,1.127973534
1.409280513,2.001083568,0.223912677,0.332625986,1.098556834,1.823238179,1.851363414,1.122214024
1.416982704,2.007770952,0.230646985,0.340298264,1.10601391,1.830197189,1.859739927,1.116358374
1.424685815,2.014457229,0.237411964,0.347941595,1.113470417,1.83715694,1.868055974,1.110420534
1.432389704,2.021142684,0.244207717,0.355559697,1.120926337,1.844117321,1.876316034,1.104407971
1.440094148,2.027827372,0.251043488,0.363142828,1.128381474,1.851078339,1.884524511,1.098328136
1.445230702,2.032283444,0.257914246,0.370692452,1.135835829,1.858040223,1.892686599,1.092189066
1.452935764,2.03896725,0.264812633,0.378215786,1.143289649,1.865002896,1.900806974,1.085999347
1.46320926,2.047878811,0.271737857,0.385713495,1.150743059,1.871966045,1.908895593,1.079771063
1.470914053,2.054562648,0.278687511,0.393187332,1.158196058,1.878929518,1.9169568,1.073508395
1.478618581,2.061246855,0.285657919,0.400640828,1.165648818,1.885893361,1.922316199,1.069314967
1.483754793,2.065703204,0.29264639,0.408076763,1.173101565,1.892857351,1.930335392,1.063000813
1.491458776,2.072388032,0.299652862,0.415496436,1.180554199,1.8998214,1.938332982,1.056660419
1.499162379,2.079073219,0.306679625,0.422896858,1.188006442,1.906785666,1.946310611,1.050295387
1.506865702,2.08575884,0.311374264,0.427820592,1.192974354,1.911428762,1.954269077,1.043907974
1.514568624,2.092444882,0.318428485,0.435193174,1.200425862,1.918393881,1.962216053,1.037511841
1.522301082,2.099120413,0.325497158,0.442551524,1.20787699,1.925359516,1.97015893,1.03111034
1.529839207,2.105870087,0.332578892,0.449896854,1.215327888,1.93232538,1.978096281,1.024702131
1.537157488,2.112894604,0.339671573,0.457230811,1.222779104,1.939291108,1.98602989,1.018289849
1.54430038,2.120107626,0.346774066,0.46455531,1.230231026,1.946256246,1.993960884,1.011874726
1.551247914,2.127507521,0.353886264,0.471870138,1.237683763,1.953220626,2.001889448,1.00545661
1.55799157,2.135092758,0.361006514,0.479176429,1.24513729,1.960184061,2.00981563,0.999038171
1.564533293,2.142854154,0.368133446,0.486475759,1.25259165,1.967146544,2.017747476,0.992628213
1.568786296,2.148121035,0.375266442,0.493769004,1.260046831,1.974108208,2.02568611,0.986226019
1.575099406,2.156118248,0.382404781,0.501056798,1.267502684,1.981069196,2.033628867,0.979828684
1.581376839,2.164147671,0.389547629,0.508339823,1.274959171,1.98802939,2.03892646,0.975566699
1.587602582,2.172211412,0.396694416,0.515618736,1.282416424,1.99498878,2.046876278,0.969177701
1.593800534,2.180307085,0.401460809,0.520469491,1.289874322,2.001947474,2.054829131,0.962791683
1.599987417,2.188414135,0.410997696,0.530166748,1.297332545,2.008905639,2.062783436,0.956407548
1.606169215,2.196526079,0.418153892,0.537436121,1.304791003,2.015863571,2.070741721,0.950030636
1.612343233,2.204643804,0.422926324,0.542280807,1.312249683,2.022821333,2.078706412,0.943661306
1.618608713,2.212729758,0.430087375,0.549545478,1.319708576,2.029778734,2.086676135,0.937297279
1.624972931,2.22072766,0.437251066,0.556807382,1.327167779,2.036735869,2.094649833,0.930938282
1.631408757,2.228663811,0.444416978,0.564066854,1.332140772,2.04137382,2.102627212,0.924583544
1.637919322,2.236537928,0.451583755,0.571324992,1.339600581,2.048330412,2.110607509,0.918232072
1.644513958,2.244350979,0.45875096,0.578582616,1.347060837,2.055286458,2.118590107,0.911884384
1.651223606,2.252068587,0.465918647,0.585839764,1.354521758,2.062241935,2.1265776,0.905543273
1.658036126,2.259691557,0.473086519,0.593096677,1.361983299,2.069196763,2.134569966,0.899207813
1.664933404,2.26723513,0.480254413,0.600353476,1.369445372,2.076150927,2.142565879,0.892876501
1.671911315,2.274701428,0.487422464,0.607610217,1.376908304,2.08310432,2.147898346,0.888657957
1.679031637,2.282090572,0.49459038,0.614866856,1.384372389,2.090056631,2.1558997,0.882333457
1.686473678,2.289177429,0.501757411,0.622124179,1.391837524,2.097007689,2.163903866,0.87601209
1.694194846,2.295944347,0.508923873,0.629382281,1.399303539,2.103957687,2.171910198,0.869693367
1.699452593,2.300322407,0.516090292,0.636640625,1.406770241,2.110906954,2.179919273,0.863378877
1.707509211,2.306671704,0.520867925,0.641479462,1.411748254,2.115539524,2.187931659,0.857068201
1.715750321,2.312771943,0.528034397,0.648737635,1.419215082,2.122488262,2.195946578,0.850760446
1.724130074,2.318659606,0.535200852,0.655995803,1.426681597,2.129437231,2.203963781,0.844455599
1.73261689,2.324378125,0.5423671,0.663254188,1.434147987,2.136386519,2.211983135,0.838153411
1.741200417,2.329945922,0.549532455,0.670513206,1.441614435,2.143335916,2.220004367,0.831853341
1.749798438,2.335423143,0.556696783,0.677773104,1.449080826,2.150285243,2.228022249,0.825419995
1.758379633,2.340933474,0.563860184,0.685033969,1.456547001,2.157234626,2.235737576,0.818673085
1.766956785,2.34644858,0.571022573,0.692295908,1.464012959,2.16418428,2.240752199,0.814019031
1.775518234,2.351981605,0.578183878,0.699558858,1.471478509,2.171134408,2.248133468,0.806914664
1.781212187,2.355688812,0.58534408,0.70682281,1.478943551,2.178084961,2.255334044,0.799626531
1.792630089,2.363134288,0.592503181,0.714087897,1.486408249,2.185035913,2.262357497,0.792174573
1.801373391,2.368485952,0.597275178,0.718931993,1.493872574,2.191987375,2.26924824,0.784628585
1.810256825,2.373587541,0.606817566,0.72862173,1.501336527,2.198939216,2.276049853,0.776926043
1.816234461,2.376890902,0.611588019,0.733467401,1.508800242,2.205891252,2.282510753,0.768958557
1.825289963,2.381673202,0.618742776,0.740736779,1.516263668,2.212843644,2.288688515,0.760773613
1.834461461,2.38625652,0.625896727,0.748007033,1.523726649,2.219796513,2.294656363,0.752438273
1.843823398,2.390489034,0.633049919,0.755278102,1.531189335,2.226749685,2.30040252,0.743952155
1.853317569,2.394381333,0.640201929,0.762550101,1.536164382,2.231385269,2.305935845,0.735336312
1.862911316,2.398001509,0.647352702,0.769823294,1.543626704,2.238338852,2.311307537,0.726631582
1.872597778,2.401351354,0.654502464,0.777097652,1.553575881,2.24761084,2.316563426,0.717862791
1.882359154,2.404454256,0.661651353,0.784372939,1.558550248,2.252247138,2.321680181,0.708962389
1.892198195,2.407335095,0.668799269,0.791649037,1.566011553,2.259201798,2.326464901,0.699896254
1.902127481,2.409911304,0.675946241,0.798926102,1.573472624,2.266156729,2.330984746,0.690698654
1.91212621,2.41217975,0.683092314,0.806204152,1.580933372,2.273112002,2.335290409,0.681399967
1.922176172,2.414187223,0.690237571,0.813482954,1.588393773,2.280067593,2.339357006,0.671983618
1.932271575,2.415941146,0.697382178,0.820762411,1.595854002,2.287023499,2.343117565,0.662442871
1.942408717,2.417443792,0.704525961,0.828042677,1.603314125,2.293979537,2.346618266,0.652816144
1.952578382,2.418685666,0.711668741,0.835323899,1.610774167,2.300935612,2.349923458,0.643126415
1.962768486,2.419695744,0.71881038,0.842606044,1.618411196,2.307864436,2.352021986,0.636633511
1.969570495,2.420256129,0.725950731,0.849889427,1.626356761,2.314333646,2.355019299,0.62684935
1.979783994,2.420930314,0.733089798,0.857174226,1.634505842,2.320544863,2.357856883,0.617021105
1.990005689,2.421416244,0.737848573,0.862031413,1.642797229,2.326578965,2.360532185,0.607145545
2.000229634,2.421734888,0.744986232,0.869317775,1.648404489,2.330483099,2.363043979,0.597228143
2.010453803,2.421905497,0.752123479,0.87660455,1.656918408,2.336166634,2.36540554,0.58727763
2.020678743,2.421938297,0.759260539,0.883891654,1.665485133,2.34172577,2.367628174,0.57729642
2.030900596,2.421843257,0.766397673,0.891178866,1.673991838,2.347304364,2.369719817,0.567290159
2.04111503,2.421636753,0.773535016,0.898465785,1.68523803,2.354906859,2.371699999,0.557264198
2.04792154,2.421458737,0.780672647,0.905752428,1.690822457,2.358760019,2.373580828,0.547220705
2.058127689,2.421137356,0.787810353,0.913038994,1.699144072,2.364621195,2.374782092,0.540516045
2.068331921,2.420752461,0.79494788,0.920325554,1.707395707,2.370579308,2.376510755,0.530448348
2.078532525,2.42031008,0.802085164,0.927612411,1.715585474,2.376627104,2.378175128,0.520374763
2.088725611,2.419820916,0.809222179,0.934899528,1.723719951,2.382753075,2.37978776,0.510293621
2.098915091,2.419319663,0.816358951,0.942186813,1.731873542,2.38893071,2.381349228,0.500204687
2.109104537,2.418810487,0.823495472,0.949474448,1.740209894,2.39489687,2.382864771,0.49010973
2.119293028,2.41828717,0.830631767,0.956762291,1.74870499,2.400620462,2.384342471,0.480013137
2.129480754,2.417754546,0.837768074,0.964050143,1.757311637,2.406173654,2.385808099,0.469917108
2.139664847,2.417218451,0.844904685,0.97133784,1.766091428,2.411513294,2.387265836,0.459819773
2.149848358,2.416701882,0.852041608,0.97862531,1.775105938,2.416444689,2.388711377,0.44972093
2.160033558,2.416203346,0.856799684,0.983483419,1.784308396,2.421004686,2.390148891,0.439621289
2.170219453,2.415715807,0.866316191,0.993199247,1.793627384,2.425277702,2.391581786,0.429523585
2.180405943,2.415242079,0.871074528,0.998057109,1.803060362,2.429288241,2.393027051,0.419428671
2.190591086,2.414784872,0.878211799,1.005343948,1.812586458,2.433052883,2.394483981,0.40933485
2.197381458,2.414497407,0.885348676,1.012631068,1.822179806,2.436619957,2.395947536,0.399241953
2.207568001,2.41408986,0.892485421,1.019918484,1.828611738,2.438907168,2.397419178,0.389150173
2.217756738,2.41370638,0.897243242,1.024776867,1.838352844,2.44211308,2.398900232,0.379061244
2.231342933,2.413231225,0.906758998,1.034493452,1.848177158,2.445041075,2.400401298,0.368975817
2.241532643,2.412901735,0.913896168,1.041780579,1.858059865,2.447731223,2.401412743,0.362253854
2.248326146,2.412698412,0.921033611,1.049067467,1.868003372,2.450191703,2.40345539,0.348811723
2.258517317,2.41241617,0.928171078,1.056354189,1.878006008,2.45241774,2.404486443,0.342092133
2.268709932,2.41215785,0.935355164,1.063637831,1.888062691,2.454383738,2.40604497,0.332014666
2.278903167,2.411921961,0.94278069,1.070723166,1.894790881,2.455557839,2.407622306,0.321941281
2.289099608,2.411705948,0.950425688,1.077554209,1.908288495,2.457610976,2.409218978,0.311870627
2.299206284,2.411667905,0.958226487,1.084199714,1.918443586,2.458906887,2.410832153,0.30180183
2.305949936,2.411941563,0.966188264,1.090647805,1.928617949,2.460008581,2.412460508,0.291735302
2.319382193,2.413088716,0.974292984,1.096904021,1.938805809,2.460938216,2.414103439,0.281671431
2.329388106,2.414504514,0.979757913,1.100988742,1.94900387,2.461713567,2.415762716,0.271610351
2.339334125,2.416404573,0.988026699,1.107006141,1.95921011,2.462344589,2.41743737,0.261551449
2.349245774,2.418597184,0.996376581,1.112904187,1.969418713,2.462844508,2.41912521,0.251494417
2.35909773,2.421040154,1.004719988,1.118756504,1.979627994,2.463245811,2.42082512,0.24143928
2.368889389,2.423739859,1.013031003,1.124652589,1.986435181,2.463465018,2.422536242,0.23138589
2.37538785,2.425653247,1.021330217,1.130575769,1.996647838,2.463719585,2.424257674,0.221333979
2.385100262,2.428668356,1.029604542,1.136525534,2.006860875,2.463892698,2.425988226,0.21128349
2.394763919,2.431841323,1.035103536,1.140514728,2.017072502,2.463990744,2.427727239,0.20123442
2.404447368,2.435084326,1.043328891,1.146531371,2.027277791,2.464045544,2.429474155,0.191186562
2.414147738,2.438260705,1.054333184,1.15458671,2.037483595,2.464070185,2.430642898,0.184488587
2.423855889,2.441410221,1.062794322,1.160379286,2.04768903,2.464061676,2.43240087,0.174442236
2.433578529,2.444519766,1.071396787,1.165934887,2.057893653,2.464026344,2.434163779,0.164396621
2.443324628,2.44757411,1.080123819,1.171303206,2.068093669,2.463973045,2.435931109,0.154351663
2.453024165,2.450603222,1.086009862,1.174768291,2.078291029,2.463931833,2.437702415,0.144307309
2.462597662,2.453945363,1.094952624,1.179790072,2.088488946,2.463905264,2.438885239,0.13761146
2.472063621,2.45760854,1.1041118,1.184449095,2.098687088,2.463886173,2.441255607,0.124220516
2.48144146,2.461489876,1.113429154,1.188766087,2.108885291,2.463877658,2.443037534,0.114177973
2.490715135,2.465617028,1.122853682,1.192798312,2.119080994,2.463882356,2.444207151,0.107504606
2.49988867,2.46998014,1.132387639,1.196564413,2.125877492,2.463902425,2.444266767,0.107105478
2.508983513,2.474524064,1.14201646,1.200079584,2.136072267,2.463955106,2.444267909,0.107104175
2.517584979,2.478991383,1.151754312,1.203303395,2.146268454,2.464029888,2.444268026,0.107108158
2.522330204,2.481537543,1.161573027,1.206244324,2.15646412,2.464126203,2.444268377,0.107109828
2.523491615,2.482177248,1.171456768,1.208942686,2.166658348,2.464243985,2.444268926,0.107108596
2.523491007,2.482177459,1.181398234,1.211407193,2.176750996,2.464605276,2.444270196,0.107104246
2.523487021,2.482176113,1.191386758,1.213655558,2.186828725,2.465480111,2.44427083,0.107102895
2.52348417,2.482175088,1.201420019,1.215703976,2.196856317,2.466804081,2.44427068,0.10710525
2.523485767,2.482176433,1.211496966,1.217529955,2.206804165,2.468597895,2.444270154,0.107108296
2.52348944,2.482178741,1.218234889,1.218625473,2.216679802,2.47085771,2.444270065,0.107107738
2.523490574,2.482179509,1.228363199,1.220104589,2.226498678,2.4734118,2.444270081,0.10710557
2.523488422,2.482178232,1.238515855,1.22139465,2.236249704,2.476221081,2.444269927,0.107104015
2.523486135,2.482176468,1.248688175,1.222502825,2.24592336,2.479303951,2.444269383,0.107104669
2.523486343,2.482175876,1.258871218,1.223449724,2.252332645,2.481487585,2.444268645,0.10710658
2.52348855,2.482176449,1.269064179,1.224257622,2.261880065,2.484931298,2.444268084,0.107107571
2.523490342,2.482176841,1.27926461,1.224936222,2.271213093,2.488794045,2.444267866,0.107106657
2.523490039,2.482176196,1.289470401,1.225495575,2.280346037,2.493114787,2.444267791,0.107105077
2.523488337,2.482175002,1.299675864,1.225949725,2.289318547,2.49781822,2.444267609,0.107104558
2.523487504,2.482174437,1.309880458,1.226335047,2.298111509,2.502855653,2.444267288,0.107105443
2.523487576,2.482174549,1.320086628,1.226660871,2.306724399,2.508198644,2.444266981,0.107106532
2.52348885,2.482175487,1.330293898,1.226924331,2.31519855,2.513807514,2.44426687,0.107106708
2.523489657,2.482176297,1.340501699,1.227131912,2.323717142,2.519453856,2.44426696,0.107105895
2.523489054,2.482176454,1.350705748,1.227292579,2.332269227,2.525029774,2.444267091,0.107105066
2.523487723,2.482176238,1.360907374,1.227437854,2.340832016,2.530587397,2.444267125,0.107104983
2.523486862,2.482176362,1.371109523,1.227570322,2.349429361,2.536096328,2.444267086,0.107105562
2.523487034,2.482177048,1.38131159,1.227684077,2.358105402,2.541534234,2.444267056,0.107106269
2.523487684,2.482177988,1.391513432,1.227784389,2.36398655,2.545019998,2.444267139,0.107106342
2.523487881,2.482178463,1.401711935,1.227876574,2.375935038,2.551651368,2.444267315,0.107105835
2.523487473,2.482178736,1.408509922,1.227947296,2.385025604,2.556373527,2.44426749,0.107105357
2.523486355,2.482178674,1.418706182,1.228065797,2.391145456,2.559401594,2.44426758,0.107105432
2.523486038,2.482178842,1.428903845,1.228194638,2.400406515,2.563771116,2.444267612,0.107105888
2.523486352,2.482179283,1.43910091,1.228334197,2.4097334,2.567959116,2.444267649,0.10710623
2.523486777,2.482179721,1.449295746,1.228487078,2.418953829,2.572208158,2.444267756,0.107106082
2.523486749,2.482179832,1.459489101,1.228667837,2.428084916,2.576670068,2.444267888,0.107105692
2.52348634,2.482179672,1.469682518,1.22887571,2.437150328,2.581272357,2.444267975,0.107105502
2.523486084,2.482179544,1.479875836,1.229105217,2.446126377,2.58604152,2.444268004,0.107105622
2.523486028,2.482179487,1.490068813,1.229356711,2.455006363,2.590986956,2.444267989,0.107105934
2.523486338,2.482179609,1.500260281,1.229630531,2.463796358,2.596094391,2.444267989,0.107106069
2.523486645,2.482179691,1.510450916,1.229932701,2.472497136,2.601353017,2.444268026,0.107105964
2.523486724,2.482179631,1.517244359,1.230148642,2.480878477,2.606619681,2.44426807,0.107105745
2.523486568,2.482179417,1.527434752,1.230490765,2.486393124,2.610199556,2.444268076,0.107105681
2.523486388,2.482179189,1.537624397,1.230854317,2.486500938,2.610269482,2.444268056,0.107105796
2.523486471,2.482179118,1.547813422,1.231238493,2.48649852,2.610266461,2.444268033,0.107105882
2.523486745,2.482179145,1.558001608,1.231643806,2.486494721,2.610263033,2.444268014,0.1071059
2.523486912,2.482179132,1.568189395,1.232068462,2.486494334,2.610261372,2.44426801,0.107105857
2.523486849,2.482179006,1.578376835,1.23250993,2.4864965,2.610262015,2.444268001,0.107105765
2.523486758,2.48217887,1.588563725,1.232967331,2.486500461,2.610263351,2.444268004,0.107105646
2.523486742,2.482178792,1.598899421,1.23330474,2.486501947,2.61026298,2.444267979,0.10710566
2.523486869,2.482178809,1.609189661,1.23296965,2.486500564,2.610260561,2.444267947,0.107105755
2.523487023,2.482178866,1.619434352,1.232046853,2.486499147,2.610257885,2.444267917,0.107105815
2.523487033,2.482178843,1.629633686,1.230701236,2.486500033,2.61025666,2.4442679,0.107105808
2.523486979,2.482178802,1.639757742,1.228897229,2.486502607,2.610256687,2.444267902,0.10710574
2.523486939,2.482178782,1.649757835,1.226716223,2.486504504,2.610256498,2.444267897,0.107105671
2.52348696,2.482178792,1.659715169,1.224467051,2.486504356,2.61025532,2.444267905,0.107105584
2.52348702,2.482178838,1.666348868,1.222983592,2.486503174,2.610253743,2.444267887,0.107105619
2.523487003,2.482178846,1.676299623,1.220728421,2.486502546,2.610252925,2.44426787,0.107105686
2.523486955,2.482178839,1.686246018,1.218475633,2.486503248,2.610253321,2.444267862,0.10710568
2.523486969,2.482178877,1.696195303,1.216242304,2.486504383,2.610254244,2.444267872,0.107105604
2.523487021,2.482178929,1.706182539,1.213931812,2.486504588,2.610254829,2.444267875,0.107105583
2.52348699,2.482178935,1.716090302,1.211231467,2.486503634,2.610254803,2.444267861,0.107105645
2.523486936,2.482178927,1.725887195,1.208145438,2.486502755,2.610254694,2.444267867,0.107105632
2.523486949,2.482178946,1.735568658,1.204764105,2.486501881,2.610254934,2.444267878,0.107105569
2.523487004,2.482178994,1.745144812,1.201088566,2.486501918,2.610255817,2.444267876,0.107105589
2.523486986,2.482178997,1.754609622,1.197109694,2.486502279,2.610256933,2.444267868,0.107105613
2.52348694,2.482178981,1.763915124,1.192775533,2.486502185,2.610257728,2.444267881,0.107105561
2.523486944,2.482178991,1.773066833,1.188151802,2.48650141,2.610258032,2.444267881,0.107105572
2.523486999,2.482179026,1.78209372,1.183302705,2.486500506,2.61025818,2.444267878,0.107105611
2.523487005,2.482179032,1.790999467,1.178245519,2.486500101,2.610258579,2.44426788,0.107105584
2.52348698,2.482179017,1.799794461,1.1730103,2.486500225,2.610259243,2.444267896,0.107105524
2.523487017,2.482179041,1.808494642,1.167614092,2.48650034,2.610259652,2.444267893,0.107105538
2.523487,2.48217903,1.817079259,1.162032949,2.48650016,2.610260075,2.444267891,0.107105561
2.523486996,2.482179013,1.825545535,1.156280436,2.486499697,2.610260071,2.444267899,0.107105519
2.523487047,2.482179038,1.83113226,1.152364669,2.48649938,2.610260071,2.444267892,0.107105539
2.523487038,2.482179028,1.839442355,1.146349991,2.486499383,2.610260173,2.444267895,0.107105531
2.523487012,2.482179008,1.847460139,1.139888761,2.486499585,2.610260389,2.444267898,0.107105499
2.523487052,2.482179017,1.855156143,1.133057396,2.486499747,2.610260523,2.444267897,0.107105524
2.523487081,2.48217903,1.862562489,1.125945375,2.486499705,2.610260469,2.444267897,0.107105497
2.523487056,2.48217901,1.869704228,1.118573855,2.486499534,2.610260285,2.4442679,0.107105484
2.523487056,2.482179008,1.876600597,1.110987939,2.486499514,2.610260125,2.444267896,0.107105504
2.523487106,2.482179032,1.883303456,1.103242338,2.486499636,2.610260119,2.444267902,0.107105464
2.5234871,2.482179014,1.889834422,1.095366846,2.486499863,2.610260128,2.444267892,0.107105486
2.523487072,2.482178994,1.896293758,1.08747208,2.486499978,2.610260059,2.444267893,0.107105481
2.523487127,2.482179021,1.902752298,1.07957375,2.486499956,2.61025989,2.444267898,0.107105438
2.523487114,2.482179011,1.909190964,1.071659425,2.486499977,2.610259762,2.444267894,0.107105462
2.52348713,2.482179024,1.91562162,1.06374021,2.486500041,2.610259666,2.444267893,0.107105438
2.523487136,2.482179018,1.919906374,1.058458409,2.486500155,2.610259619,2.444267893,0.10710543
2.523487112,2.482179001,1.926323349,1.050525325,2.486500279,2.610259588,2.444267891,0.107105447
2.523487129,2.482179018,1.932724002,1.042577832,2.486500315,2.610259522,2.44426789,0.107105424
2.523487182,2.482179046,1.93911253,1.034602806,2.486500299,2.610259431,2.444267893,0.107105415
2.523487151,2.482179028,1.945319558,1.026429623,2.486500337,2.610259388,2.444267888,0.107105438
2.523487139,2.482179013,1.951261085,1.018073222,2.486500409,2.610259388,2.444267889,0.107105395
2.52348719,2.482179045,1.956995401,1.009579979,2.48650042,2.610259377,2.44426789,0.107105388
2.523487186,2.482179042,1.962510796,1.000943917,2.486500404,2.61025934,2.44426788,0.107105429
2.523487157,2.482179025,1.967811058,0.992179961,2.486500439,2.610259345,2.444267887,0.107105401
2.523487188,2.482179036,1.972899499,0.983255004,2.486500458,2.610259357,2.444267891,0.107105353
2.523487208,2.48217905,1.977606159,0.974126417,2.486500412,2.610259327,2.444267887,0.107105382
2.523487197,2.482179041,1.981946191,0.964822409,2.486500418,2.610259348,2.44426788,0.10710539
2.523487223,2.482179055,1.985979722,0.955385557,2.486500466,2.610259397,2.44426789,0.107105333
2.523487195,2.482179043,1.989706353,0.945826709,2.486500441,2.610259401,2.444267887,0.107105344
2.523487204,2.48217904,1.993127076,0.936149444,2.486500413,2.610259399,2.444267882,0.107105375
2.523487245,2.482179068,1.996204219,0.926360294,2.486500446,2.610259447,2.444267887,0.107105331
2.52348725,2.482179069,1.998083392,0.919785352,2.486500428,2.610259458,2.444267886,0.107105323
2.523487215,2.482179046,2.000671546,0.909866643,2.486500387,2.610259453,2.444267879,0.107105355
2.523487247,2.482179058,2.002989117,0.899881909,2.486500403,2.610259481,2.444267881,0.107105358
2.52348728,2.482179081,2.005046493,0.889843011,2.486500445,2.610259534,2.444267889,0.107105295
2.523487241,2.482179049,2.006858978,0.87976203,2.486500419,2.610259525,2.44426789,0.107105283
2.52348725,2.482179059,2.00845095,0.869646325,2.486500364,2.610259501,2.444267883,0.107105316
2.523487297,2.482179082,2.00984295,0.859507263,2.486500367,2.610259519,2.444267887,0.107105282
2.523487267,2.482179066,2.011057433,0.849348155,2.486500424,2.610259562,2.444267885,0.107105294
2.523487249,2.482179045,2.012124407,0.839204264,2.486500439,2.610259579,2.444267884,0.107105302
2.523487303,2.482179079,2.013493611,0.829192748,2.486500393,2.610259556,2.44426789,0.10710525
2.523487326,2.482179091,2.015314652,0.819220195,2.486500393,2.610259554,2.444267883,0.107105265
2.523487297,2.48217907,2.017425981,0.809313736,2.486500447,2.610259592,2.444267877,0.1071053
2.523487323,2.482179077,2.019900401,0.799492455,2.486500436,2.610259584,2.444267886,0.107105254
2.523487322,2.482179077,2.022703015,0.789711383,2.486500422,2.610259573,2.444267886,0.107105224
2.523487304,2.482179066,2.025598055,0.779957959,2.486500459,2.610259597,2.444267882,0.10710526
2.523487329,2.482179075,2.028592399,0.770233295,2.486500445,2.610259577,2.444267879,0.107105251
2.523487362,2.482179097,2.031729366,0.760552957,2.48650045,2.610259577,2.444267891,0.107105196
2.523487322,2.482179066,2.03388914,0.754120593,2.48650048,2.610259591,2.44426788,0.107105232
2.523487327,2.482179072,2.037214323,0.744512781,2.486500461,2.610259576,2.444267881,0.107105244
2.52348739,2.48217911,2.040907012,0.735110517,2.486500484,2.610259582,2.444267881,0.107105211
2.523487389,2.482179108,2.04505984,0.725900638,2.486500496,2.610259587,2.444267891,0.107105164
2.523487338,2.482179073,2.049603711,0.716849478,2.486500481,2.610259572,2.444267878,0.107105213
2.523487339,2.482179067,2.054502246,0.707984933,2.48650052,2.610259589,2.444267882,0.107105196
2.52348741,2.482179109,2.059725359,0.699272419,2.486500515,2.610259582,2.444267885,0.107105159
2.523487436,2.482179126,2.06503009,0.690562929,2.486500485,2.61025956,2.444267881,0.107105179
2.523487386,2.482179089,2.070337068,0.681859663,2.48650049,2.610259563,2.444267884,0.107105152
2.52348739,2.482179096,2.075694432,0.67318578,2.486500546,2.610259594,2.444267885,0.107105155
2.523487441,2.482179124,2.079275306,0.667408068,2.48650056,2.6102596,2.444267881,0.107105174
2.523487401,2.482179092,2.086440718,0.655850262,2.486500516,2.610259573,2.444267883,0.107105125
2.523487425,2.482179108,2.091820028,0.647159167,2.486500513,2.610259564,2.444267882,0.107105127
2.523487456,2.48217912,2.097039717,0.638350765,2.48650057,2.610259603,2.444267875,0.107105163
2.52348742,2.482179103,2.102071225,0.629441377,2.486500574,2.610259605,2.44426788,0.107105146
2.52348742,2.482179095,2.105355019,0.623464228,2.48650055,2.610259587,2.444267888,0.107105092
2.523487484,2.482179132,2.110161393,0.614436202,2.486500583,2.610259605,2.444267878,0.107105122
2.523487488,2.482179133,2.114831307,0.605337335,2.486500577,2.610259601,2.444267886,0.107105084
2.523487463,2.482179118,2.119386381,0.59619955,2.486500576,2.6102596,2.444267883,0.107105101
2.523487495,2.482179136,2.124069241,0.587206092,2.486500604,2.610259618,2.444267873,0.107105123
2.523487475,2.482179116,2.129012493,0.578339567,2.486500585,2.610259608,2.444267888,0.107105051
2.523487477,2.482179118,2.134141637,0.569573393,2.486500589,2.610259607,2.444267885,0.107105054
2.523487527,2.482179146,2.139476677,0.560931855,2.486500621,2.610259628,2.444267876,0.107105098
2.523487508,2.482179136,2.144999952,0.552364923,2.486500602,2.610259617,2.44426788,0.107105069
2.523487481,2.482179114,2.150477814,0.543744338,2.486500617,2.610259622,2.444267884,0.107105031
2.523487525,2.482179136,2.155878095,0.53508113,2.486500638,2.610259639,2.444267878,0.107105072
2.523487549,2.482179148,2.161260357,0.526406375,2.486500616,2.610259622,2.444267875,0.107105069
2.523487522,2.482179134,2.166600568,0.517703253,2.486500646,2.610259638,2.444267885,0.107105004
2.523487518,2.482179124,2.171905262,0.509023128,2.486500637,2.610259631,2.444267882,0.107105022
2.523487568,2.482179152,2.177417575,0.500501147,2.486500632,2.610259628,2.444267879,0.107105044
2.523487558,2.482179146,2.183172465,0.492134467,2.486500662,2.610259647,2.44426788,0.107105002
2.523487532,2.48217913,2.189098161,0.483884467,2.486500641,2.610259634,2.444267878,0.10710501
2.523487571,2.48217915,2.193148055,0.47845568,2.486500653,2.610259637,2.44426788,0.107105003
2.5234876,2.482179163,2.199370845,0.470423933,2.486500683,2.61025966,2.444267882,0.107104975
2.523487563,2.482179145,2.205743258,0.462487635,2.486500669,2.61025965,2.444267877,0.107104998
2.52348758,2.482179149,2.212096378,0.454458633,2.48650068,2.610259651,2.444267879,0.107104992
2.523487612,2.482179167,2.21829282,0.446309468,2.486500699,2.610259666,2.444267884,0.107104949
2.523487593,2.482179156,2.224366695,0.438085466,2.486500674,2.610259646,2.444267877,0.107104979
2.523487619,2.482179171,2.230317396,0.429766424,2.486500704,2.610259662,2.44426788,0.107104952
2.523487608,2.482179158,2.236152742,0.421413869,2.48650071,2.610259666,2.444267882,0.107104945
2.523487604,2.482179155,2.242093869,0.413148284,2.4865007,2.610259658,2.444267878,0.10710497
2.523487649,2.48217918,2.24815107,0.404964582,2.486500726,2.610259674,2.444267879,0.107104931
2.523487642,2.482179173,2.254269477,0.396827426,2.486500702,2.610259659,2.444267878,0.107104936
2.523487634,2.482179167,2.258394313,0.391437641,2.48650071,2.610259659,2.444267878,0.107104934
2.523487663,2.482179181,2.264656092,0.383411551,2.486500749,2.610259688,2.444267879,0.10710491
2.523487636,2.482179167,2.270988325,0.375423323,2.486500718,2.610259662,2.444267873,0.107104944
2.52348765,2.482179169,2.277247925,0.367306238,2.48650071,2.610259658,2.444267876,0.10710492
2.523487678,2.482179185,2.283300095,0.35904645,2.486500758,2.610259685,2.444267882,0.107104868
2.523487661,2.482179175,2.289199988,0.350681018,2.486500774,2.610259695,2.444267876,0.107104904
2.523487688,2.482179183,2.294929543,0.342196541,2.48650075,2.610259677,2.444267876,0.107104906
2.523487693,2.482179187,2.300481886,0.333596504,2.48650076,2.610259687,2.444267883,0.107104857
2.523487682,2.48217918,2.305892755,0.32496066,2.486500792,2.610259704,2.444267874,0.107104884
2.523487723,2.482179203,2.311415873,0.316410758,2.486500765,2.610259682,2.444267878,0.107104876
2.5234877,2.482179189,2.31705739,0.307935328,2.486500796,2.610259705,2.444267884,0.107104836
2.523487711,2.482179189,2.32276063,0.299502729,2.486500792,2.610259702,2.444267873,0.107104873
2.523487737,2.482179205,2.328553,0.291131769,2.486500776,2.610259686,2.444267879,0.107104849
2.523487713,2.482179191,2.334425083,0.282777653,2.486500816,2.610259711,2.444267879,0.107104825
2.523487723,2.482179191,2.338264731,0.27713318,2.4865008,2.610259701,2.444267872,0.10710485
2.523487747,2.482179205,2.345685206,0.265672943,2.486500808,2.610259708,2.444267879,0.107104814
2.523487726,2.482179193,2.34929227,0.259880249,2.486500837,2.610259723,2.444267877,0.107104825
2.523487755,2.482179202,2.354564776,0.251108899,2.486500812,2.610259703,2.444267875,0.107104837
2.523487772,2.482179213,2.359676997,0.242247477,2.486500841,2.610259724,2.444267879,0.107104783
2.523487758,2.482179203,2.366287804,0.230323012,2.486500844,2.610259726,2.444267875,0.107104798
2.52348779,2.482179221,2.369502583,0.224286876,2.486500828,2.610259711,2.444267869,0.107104832
2.523487763,2.482179205,2.374073334,0.215105301,2.486500863,2.610259732,2.444267879,0.107104787
2.52348777,2.482179203,2.378367067,0.205799167,2.486500844,2.610259719,2.444267884,0.107104751
2.523487806,2.482179221,2.382444314,0.196400487,2.48650085,2.610259725,2.444267876,0.107104784
2.523487793,2.482179215,2.386299948,0.186910526,2.486500879,2.61025974,2.444267871,0.107104796
2.523487798,2.482179215,2.389972787,0.17740132,2.48650087,2.610259733,2.444267882,0.107104734
2.523487819,2.482179227,2.393837493,0.168017462,2.486500874,2.610259737,2.44426788,0.107104744
2.523487795,2.482179213,2.397946679,0.158709875,2.4865009,2.610259751,2.444267874,0.107104779
2.523487819,2.48217922,2.402169614,0.149469262,2.486500871,2.610259728,2.444267874,0.107104744
2.523487853,2.482179242,2.406577406,0.140314055,2.486500897,2.610259747,2.444267884,0.107104697
2.523487811,2.48217921,2.411169922,0.131241862,2.486500913,2.610259756,2.444267871,0.107104748
2.523487818,2.482179218,2.414307367,0.125227912,2.486500893,2.61025974,2.444267876,0.10710473
2.523487872,2.482179248,2.419096327,0.116243443,2.486500924,2.610259758,2.444267879,0.107104692
2.523487855,2.482179237,2.423978451,0.107310387,2.486500902,2.610259744,2.444267871,0.10710472
2.523487835,2.482179216,2.428955988,0.098430723,2.486500905,2.610259747,2.444267879,0.10710468
2.523487884,2.482179247,2.432291416,0.09260868,2.486500939,2.610259766,2.444267879,0.107104684
2.523487889,2.482179249,2.432379892,0.092455297,2.486500942,2.610259768,2.444267874,0.107104704
2.523487853,2.482179225,2.432376294,0.092458572,2.486500906,2.61025974,2.444267877,0.107104658
2.523487875,2.482179236,2.432372777,0.092463225,2.486500926,2.610259755,2.444267873,0.107104679
2.523487925,2.482179265,2.432371826,0.092464026,2.486500984,2.610259793,2.444267875,0.107104678
2.523487887,2.482179242,2.432373403,0.092460775,2.486500959,2.610259776,2.444267881,0.107104641
2.523487889,2.482179238,2.432374995,0.092457742,2.486500915,2.610259744,2.444267871,0.107104673
2.523487922,2.482179257,2.432374724,0.092457757,2.486500934,2.610259753,2.444267875,0.107104659
2.523487916,2.482179254,2.432372935,0.092460375,2.486501004,2.610259799,2.444267878,0.107104625
2.523487922,2.482179252,2.432371875,0.092461468,2.486501004,2.610259798,2.44426787,0.107104651
2.523487945,2.482179262,2.432371462,0.092461217,2.48650096,2.610259766,2.444267877,0.107104615
2.523487921,2.482179252,2.432372174,0.092459089,2.486500978,2.610259779,2.44426788,0.107104605
2.52348794,2.482179255,2.432372632,0.092457589,2.48650102,2.610259805,2.444267874,0.107104629
2.523487964,2.48217927,2.432372128,0.092458055,2.486500987,2.610259783,2.444267877,0.107104586
2.523487949,2.48217926,2.432371141,0.092459758,2.48650098,2.610259774,2.444267872,0.107104612
2.523487984,2.482179282,2.432370798,0.092460709,2.486501035,2.610259812,2.444267875,0.107104601
2.523487974,2.482179272,2.432371509,0.092460138,2.486501034,2.61025981,2.444267877,0.10710457
2.523487959,2.482179259,2.432372654,0.092459126,2.486501009,2.610259792,2.44426787,0.107104599
2.523487994,2.482179275,2.432373363,0.092458971,2.486501042,2.61025981,2.444267876,0.107104565
2.523488001,2.482179279,2.432373423,0.092460018,2.486501054,2.610259819,2.444267877,0.107104552
2.523487964,2.482179259,2.432373368,0.092461312,2.486501035,2.610259806,2.444267869,0.107104582
2.523487984,2.482179268,2.432373762,0.092461782,2.486501063,2.61025982,2.444267876,0.107104549
2.523488029,2.48217929,2.432374686,0.092461328,2.486501053,2.610259813,2.444267878,0.107104543
2.523488002,2.482179275,2.432375568,0.092460833,2.486501048,2.61025981,2.444267872,0.107104565
2.523487997,2.482179273,2.43237593,0.092461064,2.48650109,2.610259837,2.444267876,0.107104522
2.523488047,2.482179295,2.432375869,0.09246188,2.486501066,2.61025982,2.444267873,0.107104532
2.523488036,2.482179287,2.432375833,0.092462503,2.486501079,2.610259825,2.444267876,0.107104525
2.523488008,2.48217927,2.432375967,0.092462556,2.486501095,2.610259838,2.444267877,0.107104498
2.523488048,2.482179296,2.432376374,0.092462159,2.48650107,2.610259819,2.444267869,0.107104531
2.523488077,2.482179305,2.432376727,0.092461742,2.4865011,2.610259834,2.444267875,0.107104501
2.523488046,2.482179291,2.432376731,0.092461781,2.486501123,2.610259849,2.444267879,0.10710448
2.523488059,2.482179291,2.432376464,0.092462174,2.486501091,2.610259828,2.444267874,0.107104499
2.523488094,2.482179316,2.432376238,0.092462445,2.486501084,2.610259824,2.444267876,0.107104464
2.523488077,2.482179301,2.432376212,0.092462303,2.486501129,2.610259849,2.444267871,0.10710449
2.523488091,2.482179305,2.432376307,0.092461905,2.486501131,2.610259849,2.444267873,0.107104485
2.523488106,2.482179316,2.43237631,0.092461627,2.486501103,2.610259829,2.444267881,0.107104431
2.523488081,2.482179298,2.432376165,0.092461615,2.486501138,2.610259855,2.444267874,0.107104459
2.523488114,2.482179312,2.4323759,0.092461803,2.486501161,2.610259865,2.444267867,0.107104488
2.523488121,2.482179316,2.432375699,0.092461898,2.486501127,2.610259844,2.444267874,0.107104461
2.52348811,2.482179309,2.432375685,0.092461713,2.486501133,2.610259844,2.444267878,0.107104412
2.523488139,2.482179324,2.432375704,0.092461472,2.486501183,2.610259876,2.444267874,0.107104445
2.523488116,2.482179313,2.43237565,0.092461412,2.486501162,2.610259861,2.444267868,0.107104454
2.523488125,2.482179311,2.432375535,0.092461484,2.486501152,2.610259855,2.444267877,0.107104397
2.523488168,2.482179337,2.432375477,0.092461514,2.486501195,2.610259885,2.444267875,0.107104408

