x, y, th, stamp, 
-13.826192855834961, -9.353109359741211, -0.5810235666710045, 1727989831589184552, 
-13.826192855834961, -9.353109359741211, -0.5810235666710045, 1727989831679219397, 
-13.826192855834961, -9.353109359741211, -0.5810235666710045, 1727989831728953924, 
-13.826192855834961, -9.353109359741211, -0.5810240142898891, 1727989831779557453, 
-13.826192855834961, -9.353109359741211, -0.5810242137254948, 1727989831829568008, 
-13.826192855834961, -9.353109359741211, -0.5810242137254948, 1727989831870391504, 
-13.826192855834961, -9.353109359741211, -0.5810242137254948, 1727989831939186088, 
-13.826192855834961, -9.353109359741211, -0.5810242137254948, 1727989831989694154, 
-13.826192855834961, -9.353109359741211, -0.5810242137254948, 1727989832028800397, 
-13.826192855834961, -9.353109359741211, -0.5810242137254948, 1727989832079560964, 
-13.826192855834961, -9.353109359741211, -0.5810242137254948, 1727989832129669216, 
-13.826192855834961, -9.353109359741211, -0.5810242137254948, 1727989832179864114, 
-13.826192855834961, -9.353109359741211, -0.5810242137254948, 1727989832228736717, 
-13.826192855834961, -9.353109359741211, -0.5810242137254948, 1727989832288901027, 
-13.826192855834961, -9.353109359741211, -0.5810242137254948, 1727989832319547871, 
-13.826192855834961, -9.353109359741211, -0.5810242137254948, 1727989832390577345, 
-13.826192855834961, -9.353109359741211, -0.5810242137254948, 1727989832430521616, 
-13.826192855834961, -9.353109359741211, -0.5810242137254948, 1727989832478822473, 
-13.826192855834961, -9.353109359741211, -0.5810242137254948, 1727989832528880663, 
-13.826192855834961, -9.353109359741211, -0.5810242137254948, 1727989832580405938, 
-13.826192855834961, -9.353109359741211, -0.5810242137254948, 1727989832629875930, 
-13.826192855834961, -9.353109359741211, -0.5810242137254948, 1727989832669701042, 
-13.826192855834961, -9.353109359741211, -0.5810242137254948, 1727989832719099032, 
-13.826192855834961, -9.353109359741211, -0.5810242137254948, 1727989832790690981, 
-13.826192855834961, -9.353109359741211, -0.5810242137254948, 1727989832829315729, 
-13.826192855834961, -9.353109359741211, -0.5810242137254948, 1727989832878803953, 
-13.826192855834961, -9.353109359741211, -0.5810242137254948, 1727989832928700577, 
-13.826192855834961, -9.353109359741211, -0.5810242137254948, 1727989832979716191, 
-13.826192855834961, -9.353109359741211, -0.5810242137254948, 1727989833029597928, 
-13.826192855834961, -9.353109359741211, -0.5810242137254948, 1727989833089487357, 
-13.826192855834961, -9.353109359741211, -0.5810242137254948, 1727989833119400897, 
-13.826192855834961, -9.353109359741211, -0.5810242137254948, 1727989833190442672, 
-13.826192855834961, -9.353109359741211, -0.5810242137254948, 1727989833230543490, 
-13.826192855834961, -9.353109359741211, -0.5810242137254948, 1727989833279694648, 
-13.826192855834961, -9.353109359741211, -0.5810242137254948, 1727989833329565208, 
-13.826192855834961, -9.353109359741211, -0.5810242137254948, 1727989833379613895, 
-13.826192855834961, -9.353109359741211, -0.5810242137254948, 1727989833429714112, 
-13.826192855834961, -9.353109359741211, -0.5810242137254948, 1727989833469861149, 
-13.826192855834961, -9.353109359741211, -0.5810242137254948, 1727989833539772288, 
-13.826192855834961, -9.353109359741211, -0.5810242137254948, 1727989833569092547, 
-13.826192855834961, -9.353109359741211, -0.5810242137254948, 1727989833630614127, 
-13.826192855834961, -9.353109359741211, -0.5810242137254948, 1727989833679608426, 
-13.826192855834961, -9.353109359741211, -0.5810242137254948, 1727989833729613111, 
-13.826192855834961, -9.353109359741211, -0.5810242137254948, 1727989833779602630, 
-13.826192855834961, -9.353109359741211, -0.5810242137254948, 1727989833830009296, 
-13.826192855834961, -9.353109359741211, -0.5810242137254948, 1727989833870301827, 
-13.826192855834961, -9.353109359741211, -0.5810242137254948, 1727989833940341153, 
-13.826192855834961, -9.353109359741211, -0.5810242137254948, 1727989833990616108, 
-13.826192855834961, -9.353109359741211, -0.5810242137254948, 1727989834030665322, 
-13.826192855834961, -9.353109359741211, -0.5810242137254948, 1727989834079613321, 
-13.826192855834961, -9.353109359741211, -0.5810242137254948, 1727989834129608883, 
-13.826192855834961, -9.353109359741211, -0.5810242137254948, 1727989834179654952, 
-13.826192855834961, -9.353109359741211, -0.5810242137254948, 1727989834230618579, 
-13.826192855834961, -9.353109359741211, -0.5810242137254948, 1727989834289387694, 
-13.826192855834961, -9.353109359741211, -0.5810242137254948, 1727989834339501946, 
-13.826192855834961, -9.353109359741211, -0.5810242137254948, 1727989834389946468, 
-13.826192855834961, -9.353109359741211, -0.5810242137254948, 1727989834431049422, 
-13.826179504394531, -9.353106498718262, -0.5810242137254948, 1727989834478764336, 
-13.824233055114746, -9.354514122009277, -0.5724515749486647, 1727989834529623973, 
-13.820244789123535, -9.356767654418945, -0.5612814566094106, 1727989834579629510, 
-13.814555168151855, -9.360506057739258, -0.5456576639502887, 1727989834630274199, 
-13.805973052978516, -9.365274429321289, -0.5226780937738387, 1727989834688877246, 
-13.797359466552734, -9.370126724243164, -0.49818995433805485, 1727989834738942205, 
-13.78786849975586, -9.375133514404297, -0.4720755832630135, 1727989834789760603, 
-13.780597686767578, -9.378666877746582, -0.4521364981864793, 1727989834830821100, 
-13.771737098693848, -9.38255786895752, -0.4290617487251869, 1727989834878775764, 
-13.76344108581543, -9.38647174835205, -0.40295674945838766, 1727989834929647592, 
-13.754850387573242, -9.390040397644043, -0.3779192104630246, 1727989834979638057, 
-13.746857643127441, -9.393213272094727, -0.35518276012454375, 1727989835024626161, 
-13.735869407653809, -9.397234916687012, -0.3232333290736611, 1727989835084805593, 
-13.726984977722168, -9.399968147277832, -0.29840082737748386, 1727989835134881038, 
-13.717772483825684, -9.40272331237793, -0.27166506646696753, 1727989835185262853, 
-13.708595275878906, -9.405197143554688, -0.24450114161944447, 1727989835236618946, 
-13.7001371383667, -9.407007217407227, -0.22274779922939927, 1727989835279641127, 
-13.690800666809082, -9.40903091430664, -0.19674480782238873, 1727989835329611217, 
-13.681317329406738, -9.410879135131836, -0.17074663894549705, 1727989835380645826, 
-13.67273235321045, -9.41230583190918, -0.14793626106804636, 1727989835426625105, 
-13.661358833312988, -9.413818359375, -0.11864738583739676, 1727989835484843202, 
-13.651937484741211, -9.414898872375488, -0.09311069950388458, 1727989835535085119, 
-13.646187782287598, -9.41535472869873, -0.07797630023051276, 1727989835564948670, 
-13.633545875549316, -9.416226387023926, -0.04502866674932227, 1727989835633113910, 
-13.623873710632324, -9.416592597961426, -0.01964512577336897, 1727989835683655382, 
-13.615899085998535, -9.416722297668457, 0.002455373291594857, 1727989835726615674, 
-13.606389045715332, -9.416736602783203, 0.027783135763160993, 1727989835776640766, 
-13.596643447875977, -9.416508674621582, 0.0537155329291394, 1727989835826651333, 
-13.587722778320312, -9.415848731994629, 0.0769771578802816, 1727989835873310726, 
-13.577890396118164, -9.41507625579834, 0.10220205774426917, 1727989835923996867, 
-13.56631851196289, -9.413907051086426, 0.13420246143943143, 1727989835986415793, 
-13.557265281677246, -9.412371635437012, 0.1570015664623527, 1727989836034652890, 
-13.547686576843262, -9.410831451416016, 0.1828762290788321, 1727989836083796262, 
-13.539958953857422, -9.409250259399414, 0.20352884653658124, 1727989836125618412, 
-13.530638694763184, -9.407306671142578, 0.2281058030596853, 1727989836175651470, 
-13.52127742767334, -9.405180931091309, 0.2533526162295694, 1727989836224705258, 
-13.509882926940918, -9.402220726013184, 0.28441693218615693, 1727989836285117892, 
-13.500617027282715, -9.399504661560059, 0.3090572070527619, 1727989836334237815, 
-13.49148941040039, -9.396627426147461, 0.3342903781514089, 1727989836385055237, 
-13.482521057128906, -9.39332389831543, 0.3586158341918724, 1727989836435644710, 
-13.473745346069336, -9.389875411987305, 0.3829237408851491, 1727989836484629527, 
-13.46656322479248, -9.386934280395508, 0.40299218588521646, 1727989836523840138, 
-13.457858085632324, -9.38295841217041, 0.4275817006128603, 1727989836574651774, 
-13.449151039123535, -9.378856658935547, 0.45306074774706867, 1727989836625650518, 
-13.440826416015625, -9.374590873718262, 0.4782384312072086, 1727989836673774126, 
-13.433164596557617, -9.370366096496582, 0.5004609806589206, 1727989836720174565, 
-13.42164421081543, -9.363912582397461, 0.5366868296059938, 1727989836789430088, 
-13.414743423461914, -9.35983657836914, 0.558219846627048, 1727989836829776779, 
-13.407004356384277, -9.354569435119629, 0.5828999153416812, 1727989836878891841, 
-13.39909553527832, -9.349124908447266, 0.6075517985930219, 1727989836928747749, 
-13.391362190246582, -9.343643188476562, 0.633027524894666, 1727989836980656398, 
-13.383793830871582, -9.338157653808594, 0.6583107044539113, 1727989837030126146, 
-13.374831199645996, -9.330867767333984, 0.6889980128472281, 1727989837090402923, 
-13.370380401611328, -9.327170372009277, 0.7039912949697338, 1727989837119441697, 
-13.360274314880371, -9.318207740783691, 0.7390581379167309, 1727989837190457721, 
-13.35458755493164, -9.312697410583496, 0.759249227197496, 1727989837230498299, 
-13.347700119018555, -9.306120872497559, 0.7845420706879456, 1727989837279640671, 
-13.340913772583008, -9.299429893493652, 0.8101224242169507, 1727989837329804425, 
-13.33432674407959, -9.292618751525879, 0.83503590634406, 1727989837380801809, 
-13.327764511108398, -9.285415649414062, 0.8603530157733716, 1727989837431016222, 
-13.322882652282715, -9.279651641845703, 0.8784293529292997, 1727989837469795160, 
-13.314542770385742, -9.26923942565918, 0.9130083064497818, 1727989837540255670, 
-13.311050415039062, -9.26473617553711, 0.9282448988658498, 1727989837569770700, 
-13.304439544677734, -9.255273818969727, 0.9581255027798005, 1727989837630056677, 
-13.298893928527832, -9.2474946975708, 0.9838624417532548, 1727989837679712875, 
-13.293681144714355, -9.23933219909668, 1.009543666321414, 1727989837730647430, 
-13.288839340209961, -9.231260299682617, 1.0343453736138994, 1727989837780667180, 
-13.284212112426758, -9.222882270812988, 1.0602040994880346, 1727989837830742916, 
-13.278752326965332, -9.21281623840332, 1.090140791104001, 1727989837890038141, 
-13.27451229095459, -9.204459190368652, 1.114712233042483, 1727989837940004501, 
-13.27198314666748, -9.199193954467773, 1.12966560714733, 1727989837970670570, 
-13.267327308654785, -9.188652992248535, 1.160492725354825, 1727989838030140742, 
-13.26362133026123, -9.179752349853516, 1.1850979633022838, 1727989838080661014, 
-13.260167121887207, -9.170769691467285, 1.2106693823030918, 1727989838130665421, 
-13.256966590881348, -9.161711692810059, 1.2361608851224657, 1727989838180677953, 
-13.254490852355957, -9.153478622436523, 1.2579615345933595, 1727989838224765446, 
-13.251852989196777, -9.1451997756958, 1.2799211506876413, 1727989838269716843, 
-13.248353958129883, -9.13248348236084, 1.31503683207022, 1727989838340390656, 
-13.24689769744873, -9.126725196838379, 1.330213187696189, 1727989838370684780, 
-13.24413776397705, -9.11578369140625, 1.3607883075086196, 1727989838430686282, 
-13.242401123046875, -9.106602668762207, 1.3847925834585553, 1727989838479702491, 
-13.240432739257812, -9.097055435180664, 1.4101009428876794, 1727989838530669283, 
-13.239095687866211, -9.087417602539062, 1.436254988956055, 1727989838579672695, 
-13.238085746765137, -9.078939437866211, 1.4589010913729326, 1727989838625051040, 
-13.237104415893555, -9.070281982421875, 1.4826345266617582, 1727989838669951885, 
-13.236359596252441, -9.060869216918945, 1.5092926160562083, 1727989838719974420, 
-13.235896110534668, -9.051238059997559, 1.5342780353587089, 1727989838770687202, 
-13.23569393157959, -9.039778709411621, 1.564905956989629, 1727989838829811979, 
-13.235684394836426, -9.030223846435547, 1.590573084749422, 1727989838880675466, 
-13.236047744750977, -9.020757675170898, 1.6154137225535976, 1727989838929739438, 
-13.236416816711426, -9.011042594909668, 1.6404705176201746, 1727989838980680992, 
-13.237106323242188, -9.002115249633789, 1.6632323033727496, 1727989839025884695, 
-13.238030433654785, -8.993674278259277, 1.6843853724182507, 1727989839070122711, 
-13.23921012878418, -8.984339714050293, 1.7098473474343046, 1727989839120066446, 
-13.240635871887207, -8.974740028381348, 1.7354163238152598, 1727989839170272438, 
-13.242822647094727, -8.96346378326416, 1.7644079542884246, 1727989839230264939, 
-13.244757652282715, -8.95410442352295, 1.7889682065224783, 1727989839279806846, 
-13.24693489074707, -8.94482421875, 1.8140512830562274, 1727989839330680183, 
-13.24941349029541, -8.935525894165039, 1.8392599852262663, 1727989839380685220, 
-13.251699447631836, -8.927000999450684, 1.8628097067222371, 1727989839425798921, 
-13.254225730895996, -8.918784141540527, 1.8860998338759047, 1727989839470416523, 
-13.258719444274902, -8.905741691589355, 1.9207228974224497, 1727989839539727015, 
-13.261823654174805, -8.89770221710205, 1.94430142618643, 1727989839585918202, 
-13.26484489440918, -8.889823913574219, 1.9673236337574425, 1727989839629778391, 
-13.268559455871582, -8.880852699279785, 1.992822887143499, 1727989839679803160, 
-13.27257251739502, -8.872178077697754, 2.018320319966923, 1727989839730661412, 
-13.276799201965332, -8.86384391784668, 2.0432551197908877, 1727989839780689600, 
-13.279826164245605, -8.85782241821289, 2.059834296681191, 1727989839826088335, 
-13.281709671020508, -8.854076385498047, 2.07199141301226, 1727989839870348476, 
-13.283259391784668, -8.851303100585938, 2.080681299944403, 1727989839920015945, 
-13.283866882324219, -8.849923133850098, 2.085361405088032, 1727989839970047420, 
-13.283746719360352, -8.849835395812988, 2.0862277394573856, 1727989840030676280, 
-13.28383731842041, -8.8500337600708, 2.084397638081224, 1727989840079831537, 
-13.285102844238281, -8.8478422164917, 2.0948600778375215, 1727989840130667479, 
-13.287891387939453, -8.843670845031738, 2.10884286284724, 1727989840181695810, 
-13.291082382202148, -8.838342666625977, 2.123272925130271, 1727989840226671448, 
-13.2949857711792, -8.832574844360352, 2.1402216436614387, 1727989840270138282, 
-13.300487518310547, -8.824405670166016, 2.164863308400177, 1727989840320142888, 
-13.306541442871094, -8.81586742401123, 2.192256483486373, 1727989840370604717, 
-13.313850402832031, -8.805829048156738, 2.2254581168580176, 1727989840429727354, 
-13.319750785827637, -8.798052787780762, 2.251446690918014, 1727989840479696386, 
-13.325566291809082, -8.79101276397705, 2.275621446744685, 1727989840530685585, 
-13.331429481506348, -8.783852577209473, 2.298959628680859, 1727989840581688291, 
-13.337389945983887, -8.777304649353027, 2.322278732986449, 1727989840626791047, 
-13.345833778381348, -8.76892375946045, 2.3539044810483785, 1727989840690515147, 
-13.349913597106934, -8.764741897583008, 2.3696411572298812, 1727989840720196011, 
-13.359162330627441, -8.75609016418457, 2.405076899276833, 1727989840787069362, 
-13.36532974243164, -8.750632286071777, 2.4261269454297643, 1727989840829718095, 
-13.37303638458252, -8.744243621826172, 2.4518503496636734, 1727989840879812381, 
-13.380584716796875, -8.738058090209961, 2.4771613919428033, 1727989840929841331, 
-13.388203620910645, -8.732293128967285, 2.501803410174808, 1727989840980719520, 
-13.395503997802734, -8.727235794067383, 2.5252080468875455, 1727989841026965836, 
-13.405314445495605, -8.72064208984375, 2.556629171574357, 1727989841090122695, 
-13.410097122192383, -8.717489242553711, 2.570937944693529, 1727989841120074543, 
-13.418136596679688, -8.712531089782715, 2.595332053893771, 1727989841169705891, 
-13.428088188171387, -8.70671272277832, 2.625025103257129, 1727989841229856867, 
-13.43663501739502, -8.701960563659668, 2.6504354142395217, 1727989841279726295, 
-13.444875717163086, -8.697500228881836, 2.6765680066596604, 1727989841329698367, 
-13.452964782714844, -8.693741798400879, 2.6997383569805584, 1727989841376712826, 
-13.461687088012695, -8.689820289611816, 2.724823740505724, 1727989841426814260, 
-13.469305992126465, -8.686610221862793, 2.746922068472083, 1727989841470659501, 
-13.47824764251709, -8.683005332946777, 2.7719852488673937, 1727989841519875644, 
-13.487156867980957, -8.67989730834961, 2.7962670276453907, 1727989841568704460, 
-13.49804973602295, -8.676102638244629, 2.827446524237421, 1727989841629768098, 
-13.507328987121582, -8.673246383666992, 2.853225488293241, 1727989841679823173, 
-13.516468048095703, -8.670660018920898, 2.877890856344668, 1727989841729771997, 
-13.525555610656738, -8.668547630310059, 2.9018571057155267, 1727989841777716455, 
-13.534791946411133, -8.666231155395508, 2.9279148362331417, 1727989841826823576, 
-13.542770385742188, -8.664665222167969, 2.949101947851949, 1727989841870659358, 
-13.552075386047363, -8.662983894348145, 2.9743032478411036, 1727989841920186058, 
-13.561576843261719, -8.661654472351074, 2.9995317415542786, 1727989841969717445, 
-13.570708274841309, -8.660515785217285, 3.023027397976365, 1727989842018237441, 
-13.582270622253418, -8.659344673156738, 3.0531213253918015, 1727989842079939013, 
-13.591605186462402, -8.65872859954834, 3.078292380550368, 1727989842129706936, 
-13.600700378417969, -8.658343315124512, 3.102481123555353, 1727989842177831703, 
-13.610050201416016, -8.65816879272461, 3.1278631710676925, 1727989842227812050, 
-13.618051528930664, -8.658161163330078, -3.1335713862044186, 1727989842270560198, 
-13.630932807922363, -8.658391952514648, -3.0976402743981737, 1727989842337930376, 
-13.636839866638184, -8.658713340759277, -3.080422161895098, 1727989842369775270, 
-13.648262023925781, -8.659746170043945, -3.0502698316521126, 1727989842429881017, 
-13.657805442810059, -8.660804748535156, -3.0249585870223386, 1727989842479713658, 
-13.667205810546875, -8.662251472473145, -3.000486596985272, 1727989842529708061, 
-13.676215171813965, -8.663830757141113, -2.9770500366600685, 1727989842577910682, 
-13.68578052520752, -8.665460586547852, -2.9512560297951396, 1727989842627711299, 
-13.693689346313477, -8.66718578338623, -2.93025519111084, 1727989842669941457, 
-13.706209182739258, -8.670207977294922, -2.896074994103351, 1727989842738189756, 
-13.712220191955566, -8.671852111816406, -2.879417169600635, 1727989842769887677, 
-13.723226547241211, -8.675158500671387, -2.8502311109752774, 1727989842830015139, 
-13.73234748840332, -8.678099632263184, -2.826382875718483, 1727989842879710223, 
-13.741541862487793, -8.68131160736084, -2.8019882881447087, 1727989842929828965, 
-13.750190734863281, -8.684186935424805, -2.7788017644976226, 1727989842977728577, 
-13.759203910827637, -8.687703132629395, -2.7547145105608344, 1727989843027970767, 
-13.76667594909668, -8.69074535369873, -2.73290206068799, 1727989843070672816, 
-13.775123596191406, -8.694459915161133, -2.707032005770574, 1727989843119776206, 
-13.784018516540527, -8.698332786560059, -2.6803497924826143, 1727989843172107251, 
-13.794354438781738, -8.703641891479492, -2.649458448235094, 1727989843230273876, 
-13.802684783935547, -8.708148002624512, -2.623948162641717, 1727989843280855679, 
-13.811430931091309, -8.713136672973633, -2.5983684647537304, 1727989843330731316, 
-13.81878662109375, -8.717799186706543, -2.5746731656155246, 1727989843378706721, 
-13.824675559997559, -8.721399307250977, -2.555266789173694, 1727989843428835811, 
-13.827924728393555, -8.723552703857422, -2.543308235396656, 1727989843470866180, 
-13.830548286437988, -8.725333213806152, -2.534457801677467, 1727989843521488555, 
-13.832141876220703, -8.726399421691895, -2.5291474310400863, 1727989843572591673, 
-13.836331367492676, -8.729425430297852, -2.5160995215438358, 1727989843631538141, 
-13.841960906982422, -8.733823776245117, -2.4970493174074555, 1727989843680736048, 
-13.849502563476562, -8.73955249786377, -2.473866204278277, 1727989843731950541, 
-13.85704517364502, -8.745845794677734, -2.4496538391844065, 1727989843778775474, 
-13.864705085754395, -8.752434730529785, -2.4214257778255903, 1727989843828799982, 
-13.87092399597168, -8.758087158203125, -2.398512185453028, 1727989843870958985, 
-13.8777494430542, -8.764366149902344, -2.3724547393516793, 1727989843922252244, 
-13.884440422058105, -8.771012306213379, -2.3491952258408317, 1727989843972583409, 
-13.892110824584961, -8.779496192932129, -2.320541925242634, 1727989844030836518, 
-13.898558616638184, -8.786513328552246, -2.2942177747516355, 1727989844081719913, 
-13.904584884643555, -8.79338264465332, -2.269283718833429, 1727989844131000737, 
-13.910545349121094, -8.800772666931152, -2.2453612225860273, 1727989844179826422, 
-13.9165678024292, -8.808603286743164, -2.219793851923082, 1727989844229870972, 
-13.921113014221191, -8.814922332763672, -2.1996850419145546, 1727989844270101246, 
-13.926689147949219, -8.822772026062012, -2.1736145942554743, 1727989844321284463, 
-13.9320650100708, -8.830613136291504, -2.147952828256409, 1727989844370240471, 
-13.938385963439941, -8.840527534484863, -2.1176330222215047, 1727989844429813325, 
-13.943001747131348, -8.848283767700195, -2.0934379892628847, 1727989844480721348, 
-13.946789741516113, -8.854555130004883, -2.0747494160717763, 1727989844530624497, 
-13.948953628540039, -8.858491897583008, -2.060638513599182, 1727989844580253781, 
-13.95022964477539, -8.860989570617676, -2.052499742879284, 1727989844630539871, 
-13.950639724731445, -8.861592292785645, -2.0490917874516876, 1727989844670443350, 
-13.950603485107422, -8.861586570739746, -2.050619973261174, 1727989844739974990, 
-13.950541496276855, -8.861396789550781, -2.0510964631282964, 1727989844769990815, 
-13.950400352478027, -8.861170768737793, -2.0507458729919303, 1727989844829958948, 
-13.950419425964355, -8.86120319366455, -2.0505342478110724, 1727989844869917132, 
-13.95164680480957, -8.863835334777832, -2.0408986519860353, 1727989844929877065, 
-13.953696250915527, -8.868332862854004, -2.02901093611847, 1727989844979766653, 
-13.956443786621094, -8.874727249145508, -2.0122704894256134, 1727989845030169496, 
-13.958991050720215, -8.880472183227539, -1.9962759697868098, 1727989845070025937, 
-13.96264934539795, -8.88934326171875, -1.9727661065888102, 1727989845120325954, 
-13.96805477142334, -8.902875900268555, -1.9356647797027635, 1727989845189837106, 
-13.97081184387207, -8.910457611083984, -1.9149944167301316, 1727989845230140037, 
-13.974031448364258, -8.919449806213379, -1.8884700485201584, 1727989845281232813, 
-13.9767427444458, -8.928325653076172, -1.8644062424561527, 1727989845329886607, 
-13.979368209838867, -8.93752384185791, -1.83963916137102, 1727989845379891574, 
-13.981429100036621, -8.946834564208984, -1.8157182995870973, 1727989845430303714, 
-13.983819961547852, -8.957967758178711, -1.7866126756970786, 1727989845490162203, 
-13.985138893127441, -8.963496208190918, -1.7690642969322017, 1727989845521457249, 
-13.986835479736328, -8.972627639770508, -1.7438509859643143, 1727989845569976701, 
-13.988665580749512, -8.983878135681152, -1.7124587776514621, 1727989845629980071, 
-13.989971160888672, -8.993319511413574, -1.6857011904988912, 1727989845679930247, 
-13.990814208984375, -9.0028076171875, -1.6612764429487803, 1727989845730336433, 
-13.991694450378418, -9.012155532836914, -1.6365351299698334, 1727989845780185579, 
-13.99233627319336, -9.021868705749512, -1.6111730555559087, 1727989845830247826, 
-13.992814064025879, -9.033215522766113, -1.5815741388727136, 1727989845890611312, 
-13.992816925048828, -9.039036750793457, -1.5660579650202802, 1727989845921670811, 
-13.992323875427246, -9.05234432220459, -1.5313756539019123, 1727989845990386425, 
-13.99177074432373, -9.060003280639648, -1.5118121169778314, 1727989846029995001, 
-13.991068840026855, -9.069493293762207, -1.485902015316737, 1727989846081097092, 
-13.990331649780273, -9.0789155960083, -1.461598401271838, 1727989846130174460, 
-13.989108085632324, -9.088506698608398, -1.4357030279005718, 1727989846180003498, 
-13.988045692443848, -9.09837818145752, -1.4090065398077314, 1727989846231191372, 
-13.98681640625, -9.105644226074219, -1.3893916166766456, 1727989846270277961, 
-13.985411643981934, -9.112970352172852, -1.370442468664975, 1727989846320704430, 
-13.984259605407715, -9.1192045211792, -1.3522124804996285, 1727989846390311831, 
-13.983728408813477, -9.121257781982422, -1.3464709535622936, 1727989846430591771, 
-13.983335494995117, -9.123400688171387, -1.3398508848298256, 1727989846481351037, 
-13.981913566589355, -9.128530502319336, -1.3265188017937117, 1727989846530683928, 
-13.979904174804688, -9.13592529296875, -1.3080445710423962, 1727989846580469007, 
-13.977227210998535, -9.145448684692383, -1.2837180787012918, 1727989846629901508, 
-13.974739074707031, -9.153793334960938, -1.2621172247948742, 1727989846669804791, 
-13.971783638000488, -9.163568496704102, -1.2347926736470323, 1727989846721186269, 
-13.967150688171387, -9.176301002502441, -1.1989065724900656, 1727989846790435329, 
-13.96452522277832, -9.183064460754395, -1.178780401335457, 1727989846829972493, 
-13.960915565490723, -9.191802978515625, -1.1550147704904803, 1727989846881195908, 
-13.956893920898438, -9.200522422790527, -1.1307457388084485, 1727989846929985441, 
-13.95300579071045, -9.20924186706543, -1.106063930772109, 1727989846980186484, 
-13.948665618896484, -9.217799186706543, -1.081660838038509, 1727989847031116464, 
-13.943211555480957, -9.227703094482422, -1.051929061314926, 1727989847090378068, 
-13.940248489379883, -9.23300552368164, -1.037152802878844, 1727989847121241712, 
-13.933219909667969, -9.244372367858887, -1.002515814197728, 1727989847191409373, 
-13.929189682006836, -9.250509262084961, -0.9820555768354647, 1727989847229913329, 
-13.924129486083984, -9.258285522460938, -0.9549546805842136, 1727989847281055231, 
-13.918455123901367, -9.26600170135498, -0.9300517026882277, 1727989847330211525, 
-13.912703514099121, -9.27362060546875, -0.9041518302604107, 1727989847380406634, 
-13.906749725341797, -9.281172752380371, -0.8782419294747056, 1727989847429842469, 
-13.902182579040527, -9.286493301391602, -0.8588888638573486, 1727989847470013596, 
-13.896806716918945, -9.292912483215332, -0.836782796075899, 1727989847522491697, 
-13.892324447631836, -9.297825813293457, -0.8175254711931623, 1727989847590378510, 
-13.890856742858887, -9.299644470214844, -0.8103844365655434, 1727989847630493426, 
-13.889181137084961, -9.3013277053833, -0.80440559633407, 1727989847680543791, 
-13.885313987731934, -9.305079460144043, -0.7912050550496205, 1727989847729858276, 
-13.87973690032959, -9.310408592224121, -0.7705286324696125, 1727989847779895800, 
-13.872550010681152, -9.317208290100098, -0.7459508579390723, 1727989847829851507, 
-13.866209983825684, -9.322811126708984, -0.7246922144835344, 1727989847870000593, 
-13.858362197875977, -9.32957935333252, -0.698288050511227, 1727989847919977077, 
-13.848278045654297, -9.338156700134277, -0.6593113929531205, 1727989847991026861, 
-13.842416763305664, -9.342534065246582, -0.6410210434610116, 1727989848030129795, 
-13.834914207458496, -9.3480863571167, -0.6187749364308518, 1727989848080139648, 
-13.826790809631348, -9.353374481201172, -0.5947278393498966, 1727989848129775800, 
-13.819144248962402, -9.358451843261719, -0.5689638627664143, 1727989848179788183, 
-13.813253402709961, -9.362431526184082, -0.5500537495347867, 1727989848229887738, 
-13.810054779052734, -9.364283561706543, -0.5392897147766412, 1727989848269927190, 
-13.807455062866211, -9.366168975830078, -0.5294617686672618, 1727989848320007401, 
-13.80618667602539, -9.366874694824219, -0.5242927291582553, 1727989848389787795, 
-13.806534767150879, -9.366877555847168, -0.5229983961284403, 1727989848430016730, 
-13.806694984436035, -9.366822242736816, -0.5229983961284403, 1727989848479807548, 
-13.80679988861084, -9.366686820983887, -0.5245102134383307, 1727989848529802974, 
-13.806589126586914, -9.366613388061523, -0.5245102134383307, 1727989848580793109, 
-13.804101943969727, -9.368103981018066, -0.5137647373438629, 1727989848629895183, 
-13.80057430267334, -9.370022773742676, -0.5046843482299659, 1727989848670044022, 
-13.794906616210938, -9.373003005981445, -0.48878573867714653, 1727989848719909249, 
-13.784578323364258, -9.378223419189453, -0.4594827389146778, 1727989848790104760, 
-13.777068138122559, -9.381704330444336, -0.43829759374743554, 1727989848830838691, 
-13.767760276794434, -9.385770797729492, -0.41119393699946494, 1727989848880006985, 
-13.758196830749512, -9.389986991882324, -0.38356767343146053, 1727989848930781573, 
-13.749110221862793, -9.39362621307373, -0.3582680587743693, 1727989848979798039, 
-13.740270614624023, -9.396791458129883, -0.3344296243086017, 1727989849029894047, 
-13.733283042907715, -9.39916706085205, -0.3148001751083045, 1727989849071154325, 
-13.724502563476562, -9.401756286621094, -0.2902552788879983, 1727989849119883034, 
-13.711197853088379, -9.405208587646484, -0.2545811259842183, 1727989849190230954, 
-13.703553199768066, -9.40723705291748, -0.23325590371333557, 1727989849230865353, 
-13.694206237792969, -9.409207344055176, -0.20865090051365057, 1727989849279800041, 
-13.684911727905273, -9.41096305847168, -0.18511658247395368, 1727989849329903854, 
-13.67568588256836, -9.412642478942871, -0.15957676570790058, 1727989849379796162, 
-13.666375160217285, -9.414067268371582, -0.1344703901884249, 1727989849429807494, 
-13.658599853515625, -9.4151029586792, -0.11391184776731181, 1727989849471363509, 
-13.649343490600586, -9.416156768798828, -0.08807299597811502, 1727989849520628282, 
-13.635775566101074, -9.416973114013672, -0.05328481807517274, 1727989849591185014, 
-13.628203392028809, -9.417312622070312, -0.03338939624358203, 1727989849630784285, 
-13.618721008300781, -9.41747760772705, -0.007256862359351448, 1727989849679825771, 
-13.609169006347656, -9.417452812194824, 0.0181542162128383, 1727989849729805141, 
-13.599836349487305, -9.417258262634277, 0.04399158676267335, 1727989849779810542, 
-13.589982986450195, -9.416763305664062, 0.0696098142353521, 1727989849830969932, 
-13.578907012939453, -9.415650367736816, 0.09847168443249066, 1727989849889825220, 
-13.57341194152832, -9.415083885192871, 0.11362940165079094, 1727989849920073644, 
-13.559751510620117, -9.413427352905273, 0.14900166825214112, 1727989849990399964, 
-13.55225944519043, -9.412300109863281, 0.16953987727184158, 1727989850030826990, 
-13.542778015136719, -9.410436630249023, 0.19371843959546114, 1727989850079949053, 
-13.533453941345215, -9.40853214263916, 0.21904883192162072, 1727989850129802658, 
-13.52413272857666, -9.406341552734375, 0.24438656663281455, 1727989850179801235, 
-13.514863014221191, -9.404054641723633, 0.26893038941542124, 1727989850229918750, 
-13.503670692443848, -9.400975227355957, 0.29804307252799217, 1727989850290401787, 
-13.498249053955078, -9.39916706085205, 0.31278500974801693, 1727989850319911119, 
-13.485251426696777, -9.394997596740723, 0.34969550603201255, 1727989850392648201, 
-13.478137016296387, -9.392386436462402, 0.3689732416637969, 1727989850431947333, 
-13.471156120300293, -9.38945198059082, 0.38820568541058786, 1727989850470976109, 
-13.460494995117188, -9.384904861450195, 0.4184171153955416, 1727989850529794506, 
-13.451595306396484, -9.380789756774902, 0.44381988687023693, 1727989850579814969, 
-13.44310188293457, -9.376592636108398, 0.4694953329326095, 1727989850630796158, 
-13.432830810546875, -9.371051788330078, 0.5011098146833456, 1727989850690231971, 
-13.424525260925293, -9.366219520568848, 0.5257031810248431, 1727989850739813985, 
-13.416303634643555, -9.361549377441406, 0.5513282857670212, 1727989850790834342, 
-13.40971851348877, -9.357592582702637, 0.5718106506919289, 1727989850832603492, 
-13.401253700256348, -9.35181713104248, 0.5974202441450921, 1727989850883965706, 
-13.394627571105957, -9.347039222717285, 0.6182720822688803, 1727989850925787206, 
-13.387053489685059, -9.341543197631836, 0.6435979176492798, 1727989850974823474, 
-13.378673553466797, -9.33536148071289, 0.6715912445991361, 1727989851030924206, 
-13.372854232788086, -9.330458641052246, 0.6911584925333871, 1727989851070333145, 
-13.365358352661133, -9.324281692504883, 0.7167043612958032, 1727989851120594805, 
-13.355384826660156, -9.315195083618164, 0.7517236851517409, 1727989851191679264, 
-13.349878311157227, -9.310065269470215, 0.7710924857024334, 1727989851231318964, 
-13.343223571777344, -9.303236961364746, 0.7956403874235922, 1727989851279843296, 
-13.33661937713623, -9.296424865722656, 0.8201905058692276, 1727989851329834279, 
-13.330223083496094, -9.289766311645508, 0.8452677534778764, 1727989851379830902, 
-13.325298309326172, -9.28427791595459, 0.8651522630211814, 1727989851430815966, 
-13.32278060913086, -9.281517028808594, 0.8764305862055624, 1727989851471035453, 
-13.320575714111328, -9.279213905334473, 0.885819517695637, 1727989851520212700, 
-13.319707870483398, -9.278074264526367, 0.8900596410612589, 1727989851569819589, 
-13.319761276245117, -9.278356552124023, 0.8907706035051496, 1727989851631072941, 
-13.31991195678711, -9.278515815734863, 0.8897114498138782, 1727989851679995615, 
-13.318364143371582, -9.276535987854004, 0.8975488247900151, 1727989851725915669, 
-13.31573486328125, -9.272767066955566, 0.9098103825006888, 1727989851774837574, 
-13.311148643493652, -9.267271995544434, 0.9276325089579238, 1727989851826815205, 
-13.306792259216309, -9.26099681854248, 0.9463964557771727, 1727989851873944891, 
-13.299848556518555, -9.251031875610352, 0.9761836529983084, 1727989851935345487, 
-13.294156074523926, -9.24228572845459, 1.0040150640724845, 1727989851986433919, 
-13.2889404296875, -9.233725547790527, 1.0316267002988715, 1727989852035514457, 
-13.284002304077148, -9.225460052490234, 1.0583744551242535, 1727989852084830426, 
-13.280545234680176, -9.218653678894043, 1.0785802746995579, 1727989852125810226, 
-13.275846481323242, -9.209685325622559, 1.1017239271620507, 1727989852179837551, 
-13.271462440490723, -9.201007843017578, 1.125079834627879, 1727989852230822629, 
-13.268189430236816, -9.194231986999512, 1.1446780181676206, 1727989852270993340, 
-13.263300895690918, -9.18274974822998, 1.1779664036553794, 1727989852334722235, 
-13.259613990783691, -9.173538208007812, 1.2037809341847885, 1727989852386098450, 
-13.256366729736328, -9.164745330810547, 1.228245886665897, 1727989852435129598, 
-13.25337028503418, -9.1556978225708, 1.2516945933927617, 1727989852484897439, 
-13.25092601776123, -9.148375511169434, 1.2713777196498848, 1727989852524815990, 
-13.248482704162598, -9.139425277709961, 1.2965694434478883, 1727989852574827402, 
-13.245867729187012, -9.130073547363281, 1.322103752388217, 1727989852625838602, 
-13.24312686920166, -9.118837356567383, 1.3533734646377116, 1727989852685902784, 
-13.241448402404785, -9.111382484436035, 1.3733948183376123, 1727989852725049934, 
-13.239962577819824, -9.103941917419434, 1.3933779191346178, 1727989852765176818, 
-13.237587928771973, -9.090535163879395, 1.4296447644296155, 1727989852835575347, 
-13.236299514770508, -9.081075668334961, 1.4554679350129556, 1727989852884879864, 
-13.235590934753418, -9.07343578338623, 1.4751974516587405, 1727989852924967642, 
-13.234747886657715, -9.063982963562012, 1.500243496606422, 1727989852974830284, 
-13.234054565429688, -9.054311752319336, 1.5259416974988165, 1727989853025836516, 
-13.233768463134766, -9.044892311096191, 1.5499535036991674, 1727989853075271789, 
-13.233819007873535, -9.036406517028809, 1.5725468039909973, 1727989853120244722, 
-13.233966827392578, -9.026687622070312, 1.5978349782493382, 1727989853170681579, 
-13.234526634216309, -9.0150728225708, 1.6286110859701866, 1727989853230884335, 
-13.235136032104492, -9.005537986755371, 1.6537156472036862, 1727989853279864383, 
-13.235986709594727, -8.996000289916992, 1.6788372467888546, 1727989853329824080, 
-13.237123489379883, -8.986251831054688, 1.7038720005806904, 1727989853379979180, 
-13.238357543945312, -8.976924896240234, 1.7305591531963287, 1727989853430845965, 
-13.239686012268066, -8.969561576843262, 1.7506982288229953, 1727989853470403661, 
-13.242082595825195, -8.956350326538086, 1.7854619953692765, 1727989853541639342, 
-13.243380546569824, -8.950767517089844, 1.8002846894410076, 1727989853569959939, 
-13.245845794677734, -8.939376831054688, 1.8320476978786864, 1727989853631472792, 
-13.24854850769043, -8.930170059204102, 1.8570540612887678, 1727989853680001040, 
-13.251237869262695, -8.920904159545898, 1.8827304063116446, 1727989853729918743, 
-13.254517555236816, -8.9114408493042, 1.9078337207778173, 1727989853779865556, 
-13.25786304473877, -8.902154922485352, 1.9340881011326179, 1727989853831950384, 
-13.261960983276367, -8.891687393188477, 1.9634058672676709, 1727989853890458502, 
-13.264228820800781, -8.88654613494873, 1.978415562612759, 1727989853921162477, 
-13.268115043640137, -8.877887725830078, 2.0021998612906478, 1727989853970418507, 
-13.272945404052734, -8.867300033569336, 2.0321117031226885, 1727989854029903854, 
-13.277254104614258, -8.858932495117188, 2.0573716281089798, 1727989854080074155, 
-13.281851768493652, -8.850558280944824, 2.0830164784223943, 1727989854129836186, 
-13.28673267364502, -8.842147827148438, 2.109184808964014, 1727989854180885456, 
-13.29123306274414, -8.83492660522461, 2.131815686675369, 1727989854225260427, 
-13.296101570129395, -8.827384948730469, 2.1551022949563814, 1727989854271328292, 
-13.301640510559082, -8.81973648071289, 2.1800436204339233, 1727989854320593916, 
-13.309040069580078, -8.809549331665039, 2.212090490045443, 1727989854385767765, 
-13.314123153686523, -8.80254077911377, 2.2367405169035712, 1727989854430955438, 
-13.320090293884277, -8.795133590698242, 2.262244315274208, 1727989854479871545, 
-13.326254844665527, -8.787821769714355, 2.2859509630848303, 1727989854529842094, 
-13.332569122314453, -8.780340194702148, 2.311775259922263, 1727989854580872268, 
-13.338529586791992, -8.77394962310791, 2.3339823829142423, 1727989854625907732, 
-13.344392776489258, -8.767863273620605, 2.356142560159637, 1727989854671189439, 
-13.351129531860352, -8.761327743530273, 2.3824981702801384, 1727989854721340248, 
-13.358179092407227, -8.75487232208252, 2.4078771998237487, 1727989854769863870, 
-13.366931915283203, -8.747410774230957, 2.438088970522731, 1727989854830988128, 
-13.374228477478027, -8.741374015808105, 2.461633209639552, 1727989854881162864, 
-13.381928443908691, -8.735249519348145, 2.4863730046614214, 1727989854930853504, 
-13.389405250549316, -8.729509353637695, 2.5115570906186746, 1727989854980965543, 
-13.396512031555176, -8.724461555480957, 2.535027328299715, 1727989855026928019, 
-13.403398513793945, -8.7199068069458, 2.5570110884256616, 1727989855071391923, 
-13.41149616241455, -8.714799880981445, 2.5809536276143583, 1727989855119891386, 
-13.419897079467773, -8.709649085998535, 2.6071195350449194, 1727989855171472539, 
-13.430115699768066, -8.70370864868164, 2.638840909707957, 1727989855231376607, 
-13.438618659973145, -8.699065208435059, 2.663881056080963, 1727989855279923238, 
-13.447661399841309, -8.694355964660645, 2.6897881055639217, 1727989855330086248, 
-13.456414222717285, -8.690000534057617, 2.7152331160016008, 1727989855380854256, 
-13.464523315429688, -8.686334609985352, 2.736753667650649, 1727989855426954959, 
-13.472593307495117, -8.682806015014648, 2.759263675289537, 1727989855471612632, 
-13.481770515441895, -8.679146766662598, 2.7849311500044838, 1727989855521220375, 
-13.490955352783203, -8.675829887390137, 2.8090414834646587, 1727989855570178143, 
-13.502388954162598, -8.671792030334473, 2.8394575006598313, 1727989855631286941, 
-13.511786460876465, -8.668970108032227, 2.8643269779770266, 1727989855681408622, 
-13.521488189697266, -8.666254997253418, 2.8890473548120483, 1727989855729863019, 
-13.531033515930176, -8.663667678833008, 2.9154512939276063, 1727989855781894716, 
-13.539676666259766, -8.661824226379395, 2.937761773070354, 1727989855827062774, 
-13.548261642456055, -8.66000747680664, 2.959432825164844, 1727989855871433268, 
-13.557851791381836, -8.6583251953125, 2.9841175150529637, 1727989855919845189, 
-13.567577362060547, -8.656938552856445, 3.008366590173031, 1727989855971414958, 
-13.579301834106445, -8.655237197875977, 3.040328237378112, 1727989856031369371, 
-13.588799476623535, -8.654363632202148, 3.0659153468548825, 1727989856079996013, 
-13.596087455749512, -8.65380859375, 3.0843598908453154, 1727989856130950172, 
-13.600661277770996, -8.653400421142578, 3.098545077653377, 1727989856181887921, 
-13.603496551513672, -8.653284072875977, 3.106141563378122, 1727989856228261654, 
-13.605340957641602, -8.653059959411621, 3.109971044247966, 1727989856270710392, 
-13.610041618347168, -8.6530179977417, 3.122156140851922, 1727989856320526183, 
-13.617330551147461, -8.653202056884766, 3.141080379472987, 1727989856369997865, 
-13.629115104675293, -8.653298377990723, -3.1148185769200305, 1727989856431017413, 
-13.639735221862793, -8.653593063354492, -3.087578772187118, 1727989856480969092, 
-13.650046348571777, -8.654146194458008, -3.059558157727634, 1727989856530885943, 
-13.660065650939941, -8.654877662658691, -3.032215106320375, 1727989856581901564, 
-13.669498443603516, -8.655977249145508, -3.009323116418281, 1727989856628209713, 
-13.677495956420898, -8.657012939453125, -2.9895279133757886, 1727989856671071834, 
-13.687119483947754, -8.658535957336426, -2.9658045622067557, 1727989856721197947, 
-13.700263977050781, -8.660947799682617, -2.931176386857423, 1727989856788647088, 
-13.708636283874512, -8.662686347961426, -2.9100620901265466, 1727989856830960026, 
-13.718206405639648, -8.664947509765625, -2.885306837461278, 1727989856881034249, 
-13.727574348449707, -8.667418479919434, -2.8593568538948837, 1727989856930890883, 
-13.736404418945312, -8.670061111450195, -2.8363766965450106, 1727989856978223927, 
-13.74600887298584, -8.673149108886719, -2.8122868341176925, 1727989857028287214, 
-13.754015922546387, -8.675922393798828, -2.790658501906294, 1727989857070933618, 
-13.766620635986328, -8.680607795715332, -2.757025507224774, 1727989857138163721, 
-13.772558212280273, -8.682920455932617, -2.7400343601150094, 1727989857171388122, 
-13.783470153808594, -8.68753719329834, -2.707909886913139, 1727989857230873455, 
-13.792359352111816, -8.691695213317871, -2.6825561294775913, 1727989857280946096, 
-13.801278114318848, -8.696077346801758, -2.657152419840832, 1727989857330892373, 
-13.80952262878418, -8.700550079345703, -2.63445427214046, 1727989857377970683, 
-13.8182954788208, -8.705530166625977, -2.6097874260081912, 1727989857427752821, 
-13.825582504272461, -8.709813117980957, -2.5880749517164405, 1727989857471585646, 
-13.834035873413086, -8.71497631072998, -2.56248183608397, 1727989857520956070, 
-13.84487533569336, -8.722196578979492, -2.5294499025060224, 1727989857588473178, 
-13.851726531982422, -8.727028846740723, -2.508887845928218, 1727989857631532765, 
-13.859883308410645, -8.733083724975586, -2.483851553021738, 1727989857680890312, 
-13.8675537109375, -8.739212036132812, -2.457944343138875, 1727989857730938145, 
-13.874795913696289, -8.744856834411621, -2.4330407264004723, 1727989857778201675, 
-13.8822660446167, -8.751320838928223, -2.408874589610695, 1727989857828086581, 
-13.891422271728516, -8.759676933288574, -2.377555576537256, 1727989857891573750, 
-13.895771026611328, -8.763765335083008, -2.362401482437332, 1727989857920768999, 
-13.902653694152832, -8.770676612854004, -2.337504404063847, 1727989857971225552, 
-13.910758972167969, -8.779172897338867, -2.3065974230945083, 1727989858031003288, 
-13.917450904846191, -8.786460876464844, -2.280323065092416, 1727989858081109554, 
-13.923884391784668, -8.793841361999512, -2.2552595790991354, 1727989858130912859, 
-13.929932594299316, -8.801271438598633, -2.2316118751921263, 1727989858179041156, 
-13.93607234954834, -8.809130668640137, -2.2058032824429663, 1727989858229129449, 
-13.940936088562012, -8.815788269042969, -2.1849045290300615, 1727989858270999377, 
-13.946600914001465, -8.823771476745605, -2.1598745945276923, 1727989858321086966, 
-13.953972816467285, -8.834944725036621, -2.1256967092592665, 1727989858388758182, 
-13.958425521850586, -8.842120170593262, -2.1062641152395427, 1727989858431237148, 
-13.96350383758545, -8.850603103637695, -2.0821605928280715, 1727989858481072772, 
-13.968106269836426, -8.858854293823242, -2.0555765009317897, 1727989858531893733, 
-13.972495079040527, -8.86734676361084, -2.0321698133670916, 1727989858578914505, 
-13.976958274841309, -8.876178741455078, -2.0063612975160816, 1727989858629190369, 
-13.980493545532227, -8.883655548095703, -1.9854205604063544, 1727989858671177259, 
-13.984332084655762, -8.892693519592285, -1.961471106241375, 1727989858720985374, 
-13.98816967010498, -8.901881217956543, -1.935717783817606, 1727989858771381822, 
-13.99234676361084, -8.912721633911133, -1.9045533128969128, 1727989858831439313, 
-13.99548625946045, -8.922088623046875, -1.8802738335883238, 1727989858881078950, 
-13.998621940612793, -8.931600570678711, -1.8538731145947462, 1727989858933251028, 
-14.001031875610352, -8.94054889678955, -1.8308867329606047, 1727989858978000093, 
-14.003584861755371, -8.950092315673828, -1.8062823532615075, 1727989859029016896, 
-14.005559921264648, -8.958358764648438, -1.7844729948178573, 1727989859072148807, 
-14.00771427154541, -8.967972755432129, -1.7584486037598746, 1727989859121804634, 
-14.009601593017578, -8.97784423828125, -1.7329904981176578, 1727989859172946463, 
-14.011396408081055, -8.98951530456543, -1.7037330949663827, 1727989859232208473, 
-14.012613296508789, -8.999293327331543, -1.6795123809594672, 1727989859282112051, 
-14.013662338256836, -9.009173393249512, -1.6534230685624076, 1727989859333229074, 
-14.014331817626953, -9.018309593200684, -1.6299610534642694, 1727989859380087163, 
-14.01495361328125, -9.028099060058594, -1.605489390376602, 1727989859430521745, 
-14.015175819396973, -9.036462783813477, -1.5844180561223689, 1727989859472044365, 
-14.015419960021973, -9.046211242675781, -1.5592592833515342, 1727989859522498343, 
-14.015303611755371, -9.056159019470215, -1.5337296528778799, 1727989859573042723, 
-14.01473331451416, -9.0679931640625, -1.5028452095251243, 1727989859632086233, 
-14.014060974121094, -9.077736854553223, -1.4764223066016053, 1727989859682932641, 
-14.0131254196167, -9.087700843811035, -1.4514625221165534, 1727989859733034332, 
-14.011821746826172, -9.09696102142334, -1.42793347603059, 1727989859780254526, 
-14.010375022888184, -9.107011795043945, -1.402271952701829, 1727989859831089633, 
-14.009101867675781, -9.11480712890625, -1.3818860903454346, 1727989859871415929, 
-14.007256507873535, -9.124513626098633, -1.356225320890485, 1727989859922686563, 
-14.00513744354248, -9.134166717529297, -1.331230366050714, 1727989859971376491, 
-14.002188682556152, -9.145797729492188, -1.302240074565072, 1727989860031578914, 
-13.999556541442871, -9.155257225036621, -1.2768240848688757, 1727989860081306264, 
-13.996703147888184, -9.16503620147705, -1.2500206203170843, 1727989860131471306, 
-13.993704795837402, -9.174257278442383, -1.2259544743800943, 1727989860181318573, 
-13.990432739257812, -9.183491706848145, -1.2023335588671336, 1727989860231452350, 
-13.98752212524414, -9.190877914428711, -1.1827195538360151, 1727989860270928088, 
-13.98393440246582, -9.199898719787598, -1.1571527657888625, 1727989860322687214, 
-13.978354454040527, -9.212408065795898, -1.1221045276886223, 1727989860390978590, 
-13.974963188171387, -9.21946907043457, -1.1018856320818968, 1727989860431208459, 
-13.970577239990234, -9.228285789489746, -1.076530886632567, 1727989860482280585, 
-13.9657621383667, -9.237136840820312, -1.0513516928826523, 1727989860531433930, 
-13.960846900939941, -9.245570182800293, -1.025230815441916, 1727989860581438384, 
-13.95569133758545, -9.25381088256836, -1.0002681464223329, 1727989860631136093, 
-13.951473236083984, -9.26048469543457, -0.9794625921123197, 1727989860670778799, 
-13.945979118347168, -9.26872730255127, -0.9538676180315079, 1727989860720789807, 
-13.93800163269043, -9.279825210571289, -0.9201933642022839, 1727989860791316854, 
-13.933121681213379, -9.286307334899902, -0.8999399593462668, 1727989860831512057, 
-13.926864624023438, -9.293973922729492, -0.8748704128626318, 1727989860880913590, 
-13.920597076416016, -9.301568984985352, -0.8490445398640003, 1727989860931553350, 
-13.913886070251465, -9.30916976928711, -0.8234593029213625, 1727989860981618516, 
-13.907251358032227, -9.316312789916992, -0.7987526269543477, 1727989861030944664, 
-13.901663780212402, -9.322021484375, -0.7787861841300435, 1727989861071248126, 
-13.894651412963867, -9.328944206237793, -0.7535342971578912, 1727989861122159612, 
-13.887577056884766, -9.335553169250488, -0.7291482883825289, 1727989861171050505, 
-13.878830909729004, -9.343317985534668, -0.6987899785825233, 1727989861231356937, 
-13.871417045593262, -9.349705696105957, -0.6738218573124829, 1727989861281028191, 
-13.863687515258789, -9.355713844299316, -0.6493055531115448, 1727989861330753667, 
-13.855768203735352, -9.361709594726562, -0.6234761088565295, 1727989861381092704, 
-13.847809791564941, -9.367512702941895, -0.5974870403483359, 1727989861431012322, 
-13.841273307800293, -9.37192440032959, -0.5764175966500396, 1727989861471613589, 
-13.832968711853027, -9.377265930175781, -0.5503491997359719, 1727989861521672854, 
-13.82107162475586, -9.384663581848145, -0.5143327876053615, 1727989861591081337, 
-13.814168930053711, -9.388411521911621, -0.49604106733678643, 1727989861631018175, 
-13.805353164672852, -9.393166542053223, -0.47060916467533276, 1727989861681120551, 
-13.79665470123291, -9.397651672363281, -0.4450071552170049, 1727989861731235244, 
-13.7877836227417, -9.401799201965332, -0.42080561092653396, 1727989861781278615, 
-13.776918411254883, -9.406756401062012, -0.39047337021504436, 1727989861842689491, 
-13.771307945251465, -9.408973693847656, -0.375941171006293, 1727989861871612292, 
-13.762161254882812, -9.41260814666748, -0.35118452570183784, 1727989861923287821, 
-13.74927806854248, -9.417016983032227, -0.3164543632322304, 1727989861991466372, 
-13.741755485534668, -9.41956901550293, -0.2953100500709857, 1727989862031313963, 
-13.732107162475586, -9.42251968383789, -0.27008960893939926, 1727989862082374277, 
-13.722925186157227, -9.42515754699707, -0.24539750661402157, 1727989862130341772, 
-13.713288307189941, -9.427440643310547, -0.21999921572959927, 1727989862180464715, 
-13.703700065612793, -9.429516792297363, -0.19516176664577894, 1727989862230910347, 
-13.695967674255371, -9.4310884475708, -0.1747626331725615, 1727989862270826638, 
-13.686295509338379, -9.432750701904297, -0.14849426643194968, 1727989862321941499, 
-13.672677993774414, -9.434596061706543, -0.1133504721678988, 1727989862391056918, 
-13.664510726928711, -9.435494422912598, -0.09301153267966955, 1727989862431028027, 
-13.654836654663086, -9.436454772949219, -0.06693966984736904, 1727989862482682546, 
-13.645095825195312, -9.437049865722656, -0.042232203534490184, 1727989862530764282, 
-13.635141372680664, -9.437506675720215, -0.016283046368119725, 1727989862581520218, 
-13.625332832336426, -9.437591552734375, 0.00798711921060365, 1727989862631846112, 
-13.61353874206543, -9.43736743927002, 0.036681866209193253, 1727989862691192335, 
-13.607507705688477, -9.43723201751709, 0.052331949857405864, 1727989862722056803, 
-13.593865394592285, -9.436424255371094, 0.0871404368405864, 1727989862791300049, 
-13.585726737976074, -9.435803413391113, 0.10759662289751588, 1727989862830955923, 
-13.576109886169434, -9.434804916381836, 0.1332896089614195, 1727989862882839797, 
-13.566365242004395, -9.433453559875488, 0.1577599767916175, 1727989862931006257, 
-13.556543350219727, -9.431865692138672, 0.1830741838779919, 1727989862980952346, 
-13.547037124633789, -9.430133819580078, 0.20825017965121545, 1727989863030965605, 
-13.539661407470703, -9.428619384765625, 0.2284578627885952, 1727989863071303078, 
-13.531652450561523, -9.4268217086792, 0.24925257585831204, 1727989863121599918, 
-13.52504825592041, -9.425421714782715, 0.26769549590003217, 1727989863191264157, 
-13.522941589355469, -9.42485523223877, 0.2737017411946528, 1727989863231038864, 
-13.521939277648926, -9.424539566040039, 0.27669220518836507, 1727989863280963614, 
-13.52195930480957, -9.424575805664062, 0.27669220518836507, 1727989863330969120, 
-13.521946907043457, -9.424582481384277, 0.27669220518836507, 1727989863380974987, 
-13.521951675415039, -9.424579620361328, 0.2766531324578876, 1727989863432094769, 
-13.521951675415039, -9.424579620361328, 0.2766532243781083, 1727989863490988617, 
-13.521951675415039, -9.424579620361328, 0.2766532243781083, 1727989863521226227, 
-13.521951675415039, -9.424579620361328, 0.2766532243781083, 1727989863591425193, 
-13.521951675415039, -9.424579620361328, 0.2766532243781083, 1727989863631046148, 
-13.521951675415039, -9.424579620361328, 0.2766532243781083, 1727989863681068775, 
-13.519720077514648, -9.424064636230469, 0.2839922697243521, 1727989863730946432, 
-13.514978408813477, -9.422639846801758, 0.2962143560636034, 1727989863781111195, 
-13.508275985717773, -9.420526504516602, 0.3126245685975885, 1727989863831351132, 
-13.502238273620605, -9.418418884277344, 0.32935289103485593, 1727989863871004762, 
-13.492980003356934, -9.415319442749023, 0.3541994247902744, 1727989863921512482, 
-13.479390144348145, -9.409893989562988, 0.39104673635836773, 1727989863991351900, 
-13.471893310546875, -9.406641960144043, 0.4128496640517989, 1727989864031157695, 
-13.462871551513672, -9.402751922607422, 0.4402702150262086, 1727989864081133788, 
-13.45444107055664, -9.39860725402832, 0.4653169868319697, 1727989864130972169, 
-13.446178436279297, -9.394477844238281, 0.48825985201098787, 1727989864180976106, 
-13.437824249267578, -9.38981819152832, 0.5120865916139505, 1727989864232116702, 
-13.431184768676758, -9.385737419128418, 0.5310236342188878, 1727989864271538132, 
-13.42292594909668, -9.38063907623291, 0.5550213238702135, 1727989864321384979, 
-13.414706230163574, -9.375489234924316, 0.5806600253059854, 1727989864377052182, 
-13.405186653137207, -9.369089126586914, 0.6112985921465545, 1727989864431057511, 
-13.39731502532959, -9.363593101501465, 0.6373678367132302, 1727989864481105699, 
-13.38968563079834, -9.35763931274414, 0.6615894092879867, 1727989864531061907, 
-13.382248878479004, -9.351767539978027, 0.6860861643347684, 1727989864581192673, 
-13.374813079833984, -9.345547676086426, 0.7103073839263643, 1727989864631096845, 
-13.369004249572754, -9.340618133544922, 0.7320057165226034, 1727989864677055409, 
-13.359375953674316, -9.331700325012207, 0.7674015112596279, 1727989864741604964, 
-13.352570533752441, -9.324975967407227, 0.7931136159045622, 1727989864791007633, 
-13.347233772277832, -9.31940746307373, 0.813666351996254, 1727989864831981859, 
-13.340627670288086, -9.312228202819824, 0.8375365448571831, 1727989864881005003, 
-13.3341064453125, -9.305068969726562, 0.8631898746207021, 1727989864931068742, 
-13.328030586242676, -9.297589302062988, 0.8888072429822955, 1727989864981380116, 
-13.3219633102417, -9.290251731872559, 0.9140418027322817, 1727989865031197470, 
-13.317330360412598, -9.284048080444336, 0.9342555139373379, 1727989865073481878, 
-13.3095121383667, -9.273273468017578, 0.9673600619925738, 1727989865141545221, 
-13.304235458374023, -9.26543140411377, 0.9917171934260037, 1727989865190998003, 
-13.30003833770752, -9.259074211120605, 1.0134237301143296, 1727989865231973171, 
-13.295160293579102, -9.250905990600586, 1.0379486535842282, 1727989865280971696, 
-13.290291786193848, -9.242545127868652, 1.063303739340453, 1727989865330916728, 
-13.285894393920898, -9.23413372039795, 1.0874609807126303, 1727989865380939465, 
-13.281739234924316, -9.225602149963379, 1.1132120647091992, 1727989865431075445, 
-13.278267860412598, -9.218607902526855, 1.135089608946957, 1727989865471985235, 
-13.274405479431152, -9.210057258605957, 1.1601264417614252, 1727989865520913757, 
-13.268990516662598, -9.197561264038086, 1.1951704040874216, 1727989865591288527, 
-13.266242027282715, -9.19039249420166, 1.2162245612099531, 1727989865631991568, 
-13.263178825378418, -9.181455612182617, 1.2404028313470916, 1727989865681139427, 
-13.260351181030273, -9.172380447387695, 1.2649337849005495, 1727989865731209400, 
-13.257491111755371, -9.162880897521973, 1.2913345927399316, 1727989865781134084, 
-13.25500202178955, -9.153714179992676, 1.3161230679050573, 1727989865832447319, 
-13.253173828125, -9.146308898925781, 1.3361020580942937, 1727989865871984172, 
-13.25106143951416, -9.136862754821777, 1.361639676082994, 1727989865921272770, 
-13.249177932739258, -9.127463340759277, 1.3864228388859412, 1727989865971092967, 
-13.24718189239502, -9.116118431091309, 1.4172680024651407, 1727989866032118173, 
-13.245770454406738, -9.106830596923828, 1.4417376598864011, 1727989866081221433, 
-13.2446870803833, -9.098151206970215, 1.4651855718512898, 1727989866128001225, 
-13.243817329406738, -9.087929725646973, 1.4920802627623575, 1727989866181177852, 
-13.243353843688965, -9.079394340515137, 1.514471712093296, 1727989866227446892, 
-13.242801666259766, -9.069838523864746, 1.5408616557408805, 1727989866278015579, 
-13.242764472961426, -9.058392524719238, 1.5715617352240996, 1727989866336272736, 
-13.243048667907715, -9.048012733459473, 1.6006554445590275, 1727989866390865571, 
-13.243334770202637, -9.040143966674805, 1.622157002650774, 1727989866433484833, 
-13.243921279907227, -9.030641555786133, 1.646262131274069, 1727989866481021271, 
-13.24478530883789, -9.021051406860352, 1.6716514978229169, 1727989866531027000, 
-13.245728492736816, -9.011537551879883, 1.6963194824584589, 1727989866581007406, 
-13.246984481811523, -9.002026557922363, 1.7200161025083396, 1727989866631137049, 
-13.24819564819336, -8.994296073913574, 1.741049090476233, 1727989866672078718, 
-13.250147819519043, -8.98487377166748, 1.7659075671131093, 1727989866720846772, 
