imu_ax, imu_ay, kf_ax, kf_ay, kf_vx, kf_w, kf_x, kf_y, stamp, 
0.001750349998474121, 0.006571412086486816, 0.0011662531586285442, 1.7080909650213087e-11, 1.9405210626098913e-05, 8.80222842170042e-07, -1.9405210626098907e-06, 0.0, 1731618860162992883, 
-0.01260596513748169, -0.004105567932128906, -0.007437774602269889, -2.781945033938595e-11, -9.925231699500187e-05, 2.802901854753363e-07, 9.924870318041515e-06, 1.4852784739183732e-13, 1731618860206830113, 
0.030587613582611084, -0.011222004890441895, 0.01609743072114336, 2.245308937951333e-09, 8.66805991338222e-05, 2.590324663636558e-05, -8.158271840227343e-06, 5.4182685572633515e-12, 1731618860256797747, 
-0.004449367523193359, -0.004576265811920166, 0.003399133342512281, -1.6076488007713402e-05, 0.0012633827364513257, -0.012724954634784801, 8.854134760429558e-06, 1.5720532561668269e-09, 1731618860307739249, 
0.01564878225326538, 0.018629848957061768, 0.011333510661194264, -0.004005230605189204, 0.023360554930338916, -0.17145271664704823, 0.0014528342723517658, -2.6002717044787707e-07, 1731618860357875621, 
1.4447200298309326, -0.4264625906944275, 0.8979514210788954, -0.04434305505579754, 0.11134307472344139, -0.3982560672582348, 0.0066958449282343915, -4.3857544437964815e-05, 1731618860403974325, 
0.5328086018562317, -0.22434955835342407, 0.6718720373251027, -0.09529975373059743, 0.16596259719495426, -0.5742242851179893, 0.016278491116727606, -0.0004214401236872843, 1731618860466863820, 
0.8763375282287598, -0.2919510006904602, 0.7977885915418412, -0.16003900964832776, 0.2123430762869227, -0.7536813182082729, 0.031082325826206555, -0.001773008317323474, 1731618860518717226, 
0.7715117931365967, -0.570356547832489, 0.7822701509282157, -0.319221286541246, 0.3290223579365156, -0.9702115337792312, 0.053472558136657945, -0.005249226595438283, 1731618860564653455, 
0.7992845773696899, -0.530123233795166, 0.7919011808572484, -0.44670252905687935, 0.3534750504057503, -1.2637455700030715, 0.08161605559888985, -0.012368204977807629, 1731618860707699403, 
0.23106008768081665, -0.5192881226539612, 0.44400003632441587, -0.5023988587680395, 0.34130673054733757, -1.4719863800000839, 0.11032987614525314, -0.023386225179026165, 1731618860804715023, 
-0.19151949882507324, 0.07754635810852051, 0.04630477456367593, -0.17020777726964142, 0.11712597817194792, -1.4532026107800462, 0.13286753083508882, -0.036272373057896504, 1731618860914732519, 
-0.2110334038734436, -0.25458937883377075, -0.11112801887406323, -0.2784533590370104, 0.19526860971191456, -1.426001646899728, 0.14425273487846677, -0.044786569238392915, 1731618861007657258, 
0.2170124650001526, -0.36364442110061646, 0.09299103291195615, -0.3573107313181143, 0.25964648977642013, -1.3761431230046368, 0.15939561082339299, -0.060132161373751686, 1731618861106834834, 
-0.6836878061294556, -0.4676133394241333, -0.38571276503637536, -0.42495453748862305, 0.31147383377940446, -1.3643346291155525, 0.17592623083218512, -0.0823371606295826, 1731618861204953370, 
0.1546657681465149, -0.7437102794647217, -0.049178618348537484, -0.5831574854559165, 0.41523044045514845, -1.404418916919235, 0.19243046966198252, -0.11252416769982307, 1731618861315718786, 
-0.09190189838409424, -0.36548393964767456, -0.07724771722100096, -0.41901873141853613, 0.33035104583027874, -1.2684044343356229, 0.20678853377647913, -0.15023592275152628, 1731618861407659417, 
0.004709720611572266, -0.8551077842712402, -0.022761172819353005, -0.5773011837550461, 0.5234250666706088, -1.102929952184238, 0.21639589576002427, -0.18917953130282925, 1731618861506845926, 
-0.021312594413757324, -0.3250916600227356, -0.024209803446693445, -0.3838385218939966, 0.40900182067075197, -0.9384763159843927, 0.2222957737816314, -0.23923860192017032, 1731618861617403203, 
-0.11603635549545288, -0.809887170791626, -0.07826661574947986, -0.5049281779132498, 0.5437819865830459, -0.9285489228616397, 0.22304446131123665, -0.28497349084828655, 1731618861714856831, 
-0.06248605251312256, -0.3922511339187622, -0.07024803307722335, -0.37011520058956227, 0.4495098594036818, -0.8233750447221687, 0.21896162613446804, -0.33687678512623703, 1731618861807708926, 
-0.18750476837158203, 0.3207154870033264, -0.14742288643367885, -0.1237602251875718, 0.19917476501431833, -0.6213649865668218, 0.2127121114074562, -0.3738030277708704, 1731618861908704486, 
0.07992959022521973, 0.386557400226593, -0.008391028499043052, -0.06271001687351133, 0.11507360841404718, -0.5449556830431003, 0.20851037890311305, -0.39077421291143666, 1731618862004788361, 
-0.3337963819503784, 0.678464412689209, -0.21133491869249846, -0.0025567044436533804, 0.00554040382788544, -0.46146535939947475, 0.20628907899389287, -0.39782490007321025, 1731618862116741298, 
-0.20817822217941284, -0.3700588345527649, -0.20484340942407767, -0.11869555082335001, 0.23760778740458008, -0.4995440263969314, 0.20215434001816376, -0.4099858261001348, 1731618862208666485, 
0.026691794395446777, -0.12496411800384521, -0.061316438193154466, -0.13416959066867318, 0.24831342328224548, -0.5403235511604594, 0.19244776080263012, -0.4330306456770061, 1731618862309710299, 
-0.47108495235443115, 0.5619099140167236, -0.3177839845379272, -0.02235666149467307, 0.04947287649128418, -0.4518973441661862, 0.18550930096494123, -0.4469617531146793, 1731618862406290571, 
-0.12475353479385376, -0.6499839425086975, -0.19369688442774521, -0.14594500347647973, 0.2916914256380936, -0.500340396215678, 0.17686493165376543, -0.46348278061813086, 1731618862515832425, 
0.25442779064178467, -0.39268583059310913, 0.08413453394346634, -0.17484835574186827, 0.33529745821468493, -0.5214723567332146, 0.16034296898429626, -0.49067967991441447, 1731618862607674425, 
0.0656539797782898, -0.15973466634750366, 0.07214617128303588, -0.15827053337043534, 0.31137553052344424, -0.5082947048034616, 0.1423487814451208, -0.5170125800665175, 1731618862707714128, 
-0.17810004949569702, -0.25184184312820435, -0.08213003084598577, -0.1684367636996322, 0.3327704669396623, -0.5061650009048821, 0.12287681259867037, -0.5427085031568536, 1731618862807495032, 
-1.2974560260772705, -0.04227042198181152, -0.8337522838846493, -0.11552128367053302, 0.2606987981121167, -0.44312165804788894, 0.1023281457478911, -0.5671500915625934, 1731618862917733130, 
-0.40755772590637207, 0.1949428915977478, -0.5709020630107499, -0.058365034680137554, 0.16113247599479008, -0.36221769894496425, 0.08531735685421386, -0.5854665937124621, 1731618863007675489, 
0.15124094486236572, -0.7311898469924927, -0.12082693657844612, -0.13133902576947445, 0.3393992984108825, -0.3869749477515808, 0.06596418226603754, -0.6050667925753319, 1731618863106864376, 
-0.2601858377456665, -0.4012921452522278, -0.20661231216810125, -0.14373294041484871, 0.3423251861144758, -0.41987252543779663, 0.04037562584388581, -0.6287870582632266, 1731618863207237525, 
-0.38386476039886475, -0.03717166185379028, -0.3175213034751383, -0.08130355241023385, 0.23982386416048046, -0.33901360356627724, 0.01734569402534787, -0.6483250893442162, 1731618863316797647, 
0.28600460290908813, 0.010341405868530273, 0.05476616110042659, -0.05356153316310188, 0.18683730876518695, -0.28667471993196414, -3.9110608464551066e-05, -0.6619804485106687, 1731618863407676958, 
-0.16108590364456177, 0.014173030853271484, -0.07875974837740735, -0.043545388696692354, 0.17946769876545876, -0.24263635738484943, -0.014849150319426489, -0.6729519874192268, 1731618863506858032, 
0.018336176872253418, -0.17567139863967896, -0.01823437163390182, -0.0518060014357784, 0.20432791524815702, -0.25354343469349166, -0.030920261907886003, -0.6842530794474866, 1731618863606951665, 
-0.11463809013366699, 0.11470359563827515, -0.078294553664953, -0.03892843690277817, 0.17194290065698337, -0.22640328128718884, -0.04662945769637449, -0.6946665079354902, 1731618863716801627, 
-0.35751354694366455, -0.38288426399230957, -0.24986320695363834, -0.05928842247534113, 0.21317080009300093, -0.27812637776597504, -0.06387774699194261, -0.705626509674287, 1731618863806907830, 
-0.3660094141960144, -0.0060225725173950195, -0.3219959150984104, -0.03366668987866372, 0.16481764274866256, -0.2042662989058974, -0.08126177939187959, -0.7159441244086809, 1731618863906863212, 
0.35549068450927734, -0.06407380104064941, 0.09686521142736698, -0.022360411656270795, 0.16269604408413094, -0.1374367261487201, -0.09630461710369433, -0.7244084691076121, 1731618864006758909, 
0.4505491256713867, -0.1323058009147644, 0.31555500787497104, -0.02994967499932293, 0.18890280118630481, -0.1585454255375766, -0.11093273476421991, -0.7323571568295258, 1731618864116817143, 
0.013841509819030762, -0.11297464370727539, 0.12898592301171383, -0.03249588726605843, 0.20540112706850802, -0.15820695694245138, -0.12730295280519704, -0.7409345609827639, 1731618864207689807, 
-0.09932374954223633, -0.00843656063079834, -0.012389944714948864, -0.030255982122781768, 0.19537859711031438, -0.15485822178208536, -0.14475435826705804, -0.749719707625717, 1731618864306882866, 
-0.21249490976333618, -0.00034689903259277344, -0.13633199801071305, -0.023822116177865737, 0.17229896583677004, -0.13826035497179925, -0.1614669329382892, -0.7578010726043813, 1731618864407128793, 
-0.07868486642837524, 0.08200931549072266, -0.10084186559179172, -0.01865164018967829, 0.1524475677287108, -0.12234790274168203, -0.17666965452363004, -0.7648822729266347, 1731618864517795259, 
0.2256717085838318, -0.036810994148254395, 0.10111284907776862, -0.016132048065302836, 0.1617135042269523, -0.09975696304659111, -0.19115659829713869, -0.7714072666579848, 1731618864606804797, 
0.11241257190704346, 0.25108927488327026, 0.10781191517047116, -0.010917100943761356, 0.15559228621821428, -0.07016479549924728, -0.20507060140575764, -0.7774815281858142, 1731618864706832286, 
-0.25969362258911133, -0.12159627676010132, -0.11914978618939324, -0.018685784413717217, 0.16494795026337478, -0.11328291369417659, -0.2198352458262659, -0.7838304090549478, 1731618864806904471, 
-0.11579442024230957, 0.011422812938690186, -0.11718653171034271, -0.015209687395002676, 0.14666490022554757, -0.10370366305511794, -0.2346993941829847, -0.7900209719602553, 1731618864917017239, 
0.05673539638519287, -0.08928096294403076, -0.009607242080890963, -0.011760281297829146, 0.14559350512649333, -0.08077476593211817, -0.24863749510205035, -0.7956477306883354, 1731618865007745532, 
0.07515257596969604, 0.27367860078811646, 0.04250921095638934, -0.00874464401283733, 0.13152359712058562, -0.06648726315491449, -0.2613147151137955, -0.8006294435094864, 1731618865106877345, 
0.014156520366668701, 0.2217218279838562, 0.02491265641066778, -0.007328444933234432, 0.13060798680346475, -0.056110235771890976, -0.2733402387233332, -0.805261761550184, 1731618865208265933, 
-0.3912147879600525, -0.11802196502685547, -0.2319882543219727, -0.011939848679312285, 0.1367973040262482, -0.08728131569772242, -0.2864124125652258, -0.8102322529945598, 1731618865317794022, 
0.1481272578239441, -0.1517689824104309, 0.003170684529396617, -0.012755294872490464, 0.13899764218502347, -0.09176626791634027, -0.3000979767364745, -0.8153014263516566, 1731618865408741023, 
0.03889656066894531, -0.15065926313400269, 0.025334511756021808, -0.015256686300791278, 0.14531595923859505, -0.10498975047703633, -0.3134614090585986, -0.8201189035096479, 1731618865506901212, 
-0.22484898567199707, 0.1824476718902588, -0.12950950848402557, -0.007082165997714672, 0.12728004412290156, -0.055642391126735746, -0.32640906374000755, -0.8246106213730785, 1731618865606876825, 
-0.21637248992919922, 0.13239455223083496, -0.18300642923226396, -0.0059198579248365395, 0.12270460184496013, -0.04824479144080029, -0.3390832052934243, -0.8289256905609556, 1731618865716822073, 
0.13547146320343018, 0.021339058876037598, 0.014059834820805306, -0.004740648656047351, 0.12803131514052898, -0.03702725892367776, -0.3515842419388715, -0.8331062640543131, 1731618865807823701, 
0.024844050407409668, -0.3732423782348633, 0.020897995185641685, -0.013035602024035125, 0.13987784944590842, -0.09319275407559127, -0.3643227355132514, -0.8373353002172972, 1731618865906880620, 
-0.08668160438537598, -0.1811661720275879, -0.04555855131775019, -0.014646839404726176, 0.1405130771814102, -0.10423826521012199, -0.37772357459518136, -0.8416588334923294, 1731618866008044896, 
-0.2777547836303711, 0.03409916162490845, -0.18923198451580853, -0.006007681177198334, 0.1190955144727592, -0.05044422708776723, -0.39054279356424165, -0.8456230360012379, 1731618866116989169, 
0.10495948791503906, 0.12454503774642944, -0.00739618847001311, -0.002523861939897036, 0.11013327080083489, -0.022916434984131095, -0.4020577278576443, -0.8491034775878533, 1731618866207800957, 
0.11191749572753906, -0.05972778797149658, 0.06641423631086593, -0.004813108922688679, 0.11715413527540848, -0.041083559802425396, -0.4128649956662875, -0.8523494149570061, 1731618866306914332, 
-0.03488272428512573, -0.06776392459869385, 0.003772323775247971, -0.007587281159506587, 0.11851027664179105, -0.06402213693619069, -0.4239493981874921, -0.8556393548328037, 1731618866401944672, 
-0.22384077310562134, -0.07120287418365479, -0.13687530027034603, -0.006414469104085994, 0.11341555601703213, -0.056557224858314006, -0.43537935155526963, -0.8589527949086851, 1731618866512737532, 
0.10194122791290283, -0.046180009841918945, 0.010679396016119946, -0.004156506726415778, 0.10456890052780123, -0.0397489760859703, -0.44619003686990416, -0.8620105202344192, 1731618866608806116, 
-0.08282619714736938, -0.06761467456817627, -0.047087482234499003, -0.00327850897255517, 0.10413133226344089, -0.03148436595683709, -0.4563280956720068, -0.8648327183457223, 1731618866707127882, 
-0.049751996994018555, -0.09905213117599487, -0.04866536079891992, -0.0039515121817928055, 0.10338747714018742, -0.03822041402978413, -0.4666070579086305, -0.8676610406114034, 1731618866808257670, 
-0.0189744234085083, -0.08408409357070923, -0.030260135104858095, -0.004130083880168054, 0.10267531567685081, -0.040224701068040866, -0.47678333724070915, -0.8704202531947495, 1731618866912911196, 
-0.02091681957244873, 0.2160993218421936, -0.024587629075307302, -0.0020160509492535513, 0.09394816701260846, -0.02145918343444619, -0.48635150904224317, -0.8729656952972559, 1731618867011083795, 
0.14477092027664185, 0.1327100396156311, 0.08011337333922662, -0.0002270875876666429, 0.09853901604427738, -0.002304544908025098, -0.4955783498502936, -0.8753924911685539, 1731618867103145923, 
-0.21791696548461914, 0.4576761722564697, -0.10410289288247958, 0.002575413197533075, 0.09608835141126659, 0.026802553688428685, -0.5049768429020481, -0.877852405588464, 1731618867204324205, 
0.16083860397338867, -0.16731643676757812, 0.0596376009558512, -0.0004256056519723253, 0.09362460680433547, -0.004545873851964918, -0.5143051654869824, -0.8803284993615853, 1731618867312148744, 
0.12291955947875977, 0.05055028200149536, 0.09868589374025288, 0.0009465469081072595, 0.09786064561942164, 0.009672395906607484, -0.5231465063332914, -0.8826684655373097, 1731618867411910420, 
0.11396127939224243, -0.2617131471633911, 0.10793092500978721, -0.0013449214095573791, 0.09667977252120483, -0.013911094063263303, -0.5319250558299686, -0.8850081346324112, 1731618867502318784, 
-0.06378525495529175, -0.12398213148117065, 0.0017109298084131697, -0.0012234593938042423, 0.09672249032678427, -0.012649171766263378, -0.5409127814031871, -0.8873903456620168, 1731618867603028842, 
0.020982086658477783, -0.07052665948867798, 0.013556933758942407, -0.001347668253213228, 0.09370164144707603, -0.014382546905268563, -0.5500439705521373, -0.8897986423372085, 1731618867712266822, 
-0.06172424554824829, 0.3538249731063843, -0.03305551851709563, 0.0009677275517621356, 0.08769530072686588, 0.011035112984858807, -0.5587920218365614, -0.8920843024447221, 1731618867812214257, 
0.052298665046691895, -0.14533764123916626, 0.01969092977458061, -0.00031421241349316036, 0.08667810988315482, -0.003625049206965056, -0.5672709365101154, -0.8943132804857282, 1731618867902426803, 
-0.007590651512145996, -0.2502743601799011, 0.002811224141329973, -0.0017577545021846528, 0.08671109229613012, -0.0202713915329504, -0.5755855460024119, -0.8965015017977398, 1731618868003351785, 
-0.06841391324996948, -0.20430737733840942, -0.041158561982025235, -0.0033233308123064662, 0.08774628024513424, -0.03787432131621048, -0.5841386889793055, -0.8987400730663523, 1731618868111955223, 
0.01561284065246582, 0.37810295820236206, -0.006253136711436853, 0.0006503254037525077, 0.07470986906278099, 0.008704678671113977, -0.5920091844689103, -0.9007540006232935, 1731618868206860625, 
0.07645386457443237, -0.38248682022094727, 0.044817127172220875, -0.0010547233017688179, 0.07392105575794461, -0.014268239149918559, -0.5990991564535191, -0.9025806329101377, 1731618868306932846, 
-0.19683808088302612, -0.41595786809921265, -0.10439431675561726, -0.0019304813153957143, 0.07924416507719345, -0.02436117931856801, -0.6067078673345058, -0.9045332779001586, 1731618868408363408, 
0.12159782648086548, -0.012624502182006836, 0.03526195431624489, -0.002735544015184515, 0.07484702825347928, -0.036548465303395034, -0.614377065185469, -0.9064844318675761, 1731618868516848340, 
0.09743154048919678, 0.17620187997817993, 0.0735722022953042, -0.00042809247903966035, 0.07365070475265595, -0.005812469554464416, -0.6212529440296267, -0.9081990277150637, 1731618868607743213, 
-0.0008757114410400391, -0.19686269760131836, 0.027529243210907862, -0.002268861292325166, 0.07686255207581123, -0.029518422574459118, -0.6282749395069822, -0.9099519951451939, 1731618868657814967, 
-0.07728517055511475, 0.024123013019561768, -0.0372434390707043, -0.0022565830305244917, 0.07677905015732311, -0.029390608843176225, -0.6357410053464579, -0.911793384436998, 1731618868802988975, 
0.009790778160095215, -0.036194443702697754, -0.00817805425474566, -0.00026709948322171777, 0.07430289547036023, -0.0035947385566995164, -0.6431981414265283, -0.9136021501252695, 1731618868916938426, 
-0.07150101661682129, -0.1345921754837036, -0.04731198119890491, -0.0005393049785545762, 0.07165671565885975, -0.007526230773987416, -0.6504149995343219, -0.9153501853030137, 1731618869007737482, 
-0.09043234586715698, 0.15627741813659668, -0.07391305351576985, 0.00027568821781985195, 0.06848151221383028, 0.004025732039313451, -0.6575445418164181, -0.9170686476519575, 1731618869106907213, 
0.17662858963012695, 0.07072603702545166, 0.08093202342236558, 0.0010662063543485465, 0.06884956285944922, 0.015486029396077938, -0.6642515431833449, -0.9186845561918566, 1731618869203469397, 
-0.050009965896606445, -0.07184797525405884, -0.00017901439515369266, -0.0006068602358134506, 0.062088872022682554, -0.009774057992094782, -0.6702719068945386, -0.9201510866989194, 1731618869317877844, 
-0.14744627475738525, 0.10431677103042603, -0.09108183547202824, 1.6979328215070764e-05, 0.06424392803186957, 0.000264294677103925, -0.6766780986936184, -0.9217025206953048, 1731618869407738574, 
0.349592387676239, -0.07327872514724731, 0.18122529726876696, 0.00045662704977536767, 0.0659723494625867, 0.006921491405036643, -0.6828419952804204, -0.9231936532956428, 1731618869506985158, 
-0.14082199335098267, 0.12323790788650513, -0.017894689179313306, 0.0005103969727082181, 0.06932762949780187, 0.0073621004555535965, -0.688902003625474, -0.9246638556673301, 1731618869603824683, 
-0.01478874683380127, 0.002236306667327881, -0.016109140833794465, 0.0004021975436235377, 0.05974430323100442, 0.006731981492334427, -0.6951671166817537, -0.926188995659588, 1731618869717861380, 
0.4340846538543701, 0.07673007249832153, 0.2619482172223267, 0.0001857897549693856, 0.06142122188013216, 0.0030248462873624917, -0.7004247468538979, -0.9274737949843801, 1731618869807745167, 
-0.20005393028259277, -0.1690245270729065, -0.02363569039168234, 0.0006304951186803045, 0.07051332161796314, 0.008941503594119257, -0.7061309660298312, -0.9288680604996105, 1731618869906930878, 
-0.49002140760421753, -0.1067003607749939, -0.3118077207019038, 3.587171897681205e-05, 0.05804017258100706, 0.0006180498331004383, -0.7131454441992112, -0.9305903104035016, 1731618870004055394, 
0.4751420021057129, 0.027667224407196045, 0.17455255876143005, -0.0001612042379013581, 0.050807770917268666, -0.0031728264198767992, -0.7189144440205982, -0.9320089876343424, 1731618870118855904, 
0.1251685619354248, 0.08243715763092041, 0.1438387990243427, -0.00013511570274641864, 0.05540879236504874, -0.0024385245911197327, -0.7231620909246832, -0.9330517636512827, 1731618870207791580, 
-0.10783320665359497, -0.00012433528900146484, -0.011732981258162106, 0.00012545260047112445, 0.06034624402642166, 0.0020788800114253506, -0.728394112073947, -0.9343339611311399, 1731618870307852533, 
-0.17511016130447388, 0.01785355806350708, -0.11273012454765262, -0.0010300891760285746, 0.052741894989547, -0.019530757782456047, -0.7341414034582749, -0.9357479912062941, 1731618870405109155, 
0.009259581565856934, -0.046190738677978516, -0.037233722360226165, 0.0003920525267490851, 0.051233576349319424, 0.007652257653769919, -0.7396460494389874, -0.9370865019914849, 1731618870513869027, 
-0.08931756019592285, 0.09932708740234375, -0.0694141424861254, -0.00013695357301850088, 0.04645748407049338, -0.002947933487114607, -0.744646930551152, -0.9383076185328534, 1731618870607795827, 
-0.01217585802078247, -0.09065878391265869, -0.03397636493083733, -3.099600706573349e-05, 0.04494669407992005, -0.000689617060836983, -0.7493903723713704, -0.9394641831869832, 1731618870706949480, 
-0.0661473274230957, 0.2808595299720764, -0.05373841139884793, -8.985868816943794e-05, 0.0476709661825194, -0.0018849772799945574, -0.7541762460671128, -0.9406309263906273, 1731618870805450174, 
0.08353018760681152, -0.11741340160369873, 0.031127811534705535, 0.0003972443703842294, 0.0482288954126613, 0.008236646661410843, -0.7589354960788769, -0.9417885536327103, 1731618870914861500, 
0.08823513984680176, -0.04665261507034302, 0.06635842118093385, -2.2376562596817675e-06, 0.04933842249024263, -4.5353218581812085e-05, -0.7634072064715742, -0.9428812908228068, 1731618871006803274, 
-0.022580265998840332, -0.044132888317108154, 0.011268728748333866, -8.26143868300832e-06, 0.04604475501093924, -0.00017942192723244114, -0.767753360294224, -0.9439434960729829, 1731618871107944600, 
0.007519662380218506, -0.23419320583343506, 0.008908756142018838, -0.00025855474056561705, 0.04453089948853872, -0.005806187243807267, -0.7720748482806351, -0.94500046167203, 1731618871156350384, 
0.021017491817474365, 0.14207571744918823, 0.016400928778890544, 0.0002513270718547315, 0.0462954757695815, 0.005428760968039695, -0.7764327921771169, -0.9460619448114613, 1731618871267868476, 
0.14305102825164795, 0.1301860809326172, 0.09459479367970078, 0.000587262086881483, 0.047082694837463204, 0.012472992230134728, -0.7806700218613585, -0.9470951255575064, 1731618871406858395, 
0.04622030258178711, 0.011145412921905518, 0.06457982554448166, 0.0004468143371777601, 0.04812637644856871, 0.009284188217562108, -0.7848199584148979, -0.948113093342096, 1731618871508965811, 
-0.02661764621734619, -0.008975088596343994, 0.008095392076392725, -6.898107229835447e-05, 0.04466143698815954, -0.0015445332024726938, -0.7890512809361464, -0.9491570357224948, 1731618871619619890, 
0.0859001874923706, -0.029157578945159912, 0.05610997378086331, 4.883576805763426e-05, 0.04364258721795073, 0.0011189934229551704, -0.7931498590678079, -0.9501671469736089, 1731618871715895750, 
0.09552609920501709, 0.17086094617843628, 0.08034453334297015, 8.794500904533474e-05, 0.04304422774421725, 0.002043131301319482, -0.796951259310935, -0.9511042615609965, 1731618871809002519, 
0.08057701587677002, 0.06889098882675171, 0.08035609570376731, 0.0001830708864108528, 0.04330937506188061, 0.004227049828109512, -0.8006658049296691, -0.9520204259611958, 1731618871909002310, 
0.07210201025009155, -0.09102481603622437, 0.07514243461287912, 0.00016483198215014802, 0.044479840633661574, 0.003705768271692188, -0.8044738917571475, -0.9529614633074587, 1731618872006998469, 
-0.196550190448761, 0.09308522939682007, -0.09277843349601514, 0.00013954277238247012, 0.04336860687299722, 0.0032175986835619157, -0.8087245996749064, -0.9540134734097153, 1731618872117069018, 
-0.06008803844451904, 0.0669974684715271, -0.07256281156187748, -6.677856283436316e-06, 0.035786386605118924, -0.0001866032566272312, -0.8129815970674836, -0.9550690976483783, 1731618872207815133, 
0.19995880126953125, 0.025684714317321777, 0.09582371041801573, 9.768319214201159e-05, 0.03443279593896191, 0.0028369230403238804, -0.8163579741177647, -0.9559060205728898, 1731618872306899386, 
0.4119570255279541, -0.1629190444946289, 0.29089472506862846, -0.0004925393375394228, 0.03541553741939603, -0.013907436493387045, -0.8186656565429582, -0.9564809587738483, 1731618872408243232, 
-1.0615473985671997, -0.11757040023803711, -0.5449988072278995, -0.0003744834433578813, 0.02095075511059044, -0.017874460437398883, -0.8217330349423755, -0.9572403242242107, 1731618872516890138, 
-0.2512683868408203, -0.28340619802474976, -0.3620981268353255, -0.0006857280261529388, 0.055777784512277453, -0.012293927271385272, -0.8286188319073612, -0.9589345115503525, 1731618872607827023, 
-0.06136089563369751, -0.28158169984817505, -0.1748781857407342, -0.0015561554363194676, 0.10844773719718773, -0.014349358285733064, -0.8388517740120471, -0.9614363974900316, 1731618872706985531, 
0.37150609493255615, -0.09728807210922241, 0.16329398320155394, 0.002347301155871139, 0.1363765873375286, 0.01721190712934932, -0.8512018799509445, -0.9644247928781423, 1731618872807489956, 
1.3052703142166138, 0.36087292432785034, 0.8678581652759092, 0.0004634852463437908, 0.11600396441558355, 0.003995425920819029, -0.8603756077742318, -0.9666599450947818, 1731618872917082657, 
0.17077398300170898, 0.2845233082771301, 0.43539716408266993, 0.004356969718835003, 0.08501039668319721, 0.051252198423115736, -0.8657503718577941, -0.9679551464758653, 1731618873007953270, 
-0.267733097076416, -0.209134042263031, 2.3717437779069428e-05, 0.001573652663817256, 0.059111227453143664, 0.026621891163817572, -0.8710171586205168, -0.9692708989217046, 1731618873107037540, 
0.023916125297546387, -0.07343059778213501, 0.014410662402465786, -0.00011215250434066182, 0.037542074386938296, -0.0029873816557052617, -0.875429361429176, -0.9703907053422114, 1731618873208059472, 
0.01653653383255005, 0.0587887167930603, 0.015637176831015454, 0.00019821570224858511, 0.03390433699196832, 0.005846322914249611, -0.8787618696878928, -0.9712306226566199, 1731618873316885159, 
-1.25397527217865, 0.12370491027832031, -0.7688103422376302, -3.956179746875619e-05, 0.009419585419626564, -0.0041999510282401155, -0.8825871239271789, -0.972196527182702, 1731618873407836642, 
0.06511503458023071, -0.2009374499320984, -0.2527264667009185, -1.6003707640094934e-05, -0.001406092870419498, 0.011381686072642085, -0.8860660836885089, -0.973074372404409, 1731618873458848957, 
1.218056082725525, -0.12577122449874878, 0.6562018256727111, -0.0008017874951786503, 0.01438933107034578, -0.055720970714963416, -0.8859577896923094, -0.9730494438317785, 1731618873608199921, 
-0.28500401973724365, 0.11838096380233765, 0.0744198546993513, -0.002387501790838973, 0.046279837684626984, -0.05158837866088804, -0.8868917263353189, -0.9732831176714983, 1731618873716898358, 
-0.02517986297607422, 0.1107642650604248, 0.012579142619166005, -0.002679184428585646, 0.03392837194609253, -0.07896590006860624, -0.8903710552339696, -0.9741341740991566, 1731618873807902343, 
-0.2428683042526245, 0.02398550510406494, -0.1452218393414291, -0.001261388317249448, 0.03176854751232709, -0.03970557095063896, -0.8938906434346389, -0.9749661840777627, 1731618873908001691, 
0.2910667657852173, 0.054463744163513184, 0.12436517549062079, -0.0010776617405495097, 0.027379002920868704, -0.039360883362487206, -0.8968715823670309, -0.9756529009207372, 1731618874009396716, 
-0.049856722354888916, -0.031918227672576904, 0.016675778387002696, -0.0017288268188906124, 0.03364811611539009, -0.05137960214360636, -0.8994593887842509, -0.9762427036264142, 1731618874116906044, 
-0.14015382528305054, -0.03026878833770752, -0.08021766790381739, -0.001350775798566396, 0.0324461940818762, -0.041631255584485105, -0.9028316215056478, -0.9769921952283372, 1731618874207895589, 
0.23144787549972534, 0.02626025676727295, 0.11234911064871374, -0.0011020544975811968, 0.030816895306501675, -0.03576137331876803, -0.9058699899627298, -0.977650483077681, 1731618874257916757, 
-0.2441003918647766, -0.05334746837615967, -0.10793600776268202, 0.00026700218805184093, 0.03193316411972225, 0.008361281927804255, -0.9088683582107944, -0.9782874288282329, 1731618874408149343, 
-0.04203355312347412, -0.13370543718338013, -0.06703179873825421, 0.0022763246827095076, 0.033419323501777676, 0.06811402638322175, -0.9126222332612609, -0.9790795668826962, 1731618874517145261, 
-0.1082688570022583, 0.09541994333267212, -0.09231159391682273, 0.002379356023151498, 0.037587022151001764, 0.06330259453895269, -0.9166097057890517, -0.979945989391788, 1731618874607873676, 
0.08660799264907837, -0.16258716583251953, 0.018164660724346166, 0.0023094791898159123, 0.027804144348603316, 0.08306240828202016, -0.9199463498074777, -0.9806932159262404, 1731618874707918161, 
-0.10963863134384155, 0.054647624492645264, -0.060661423458655495, 0.001982482594923421, 0.03518159787133514, 0.05634998734775164, -0.923201626283899, -0.9814488537995941, 1731618874807796449, 
0.1659107208251953, 0.01729506254196167, 0.07939870994821768, 0.002880532100023824, 0.037835705937944, 0.07613263790421437, -0.9267673718532754, -0.9823002655901212, 1731618874848001883, 
-0.019692718982696533, -0.049430131912231445, 0.01805860657734809, 0.0024238755926639915, 0.0369772908674049, 0.06555038337869724, -0.9300810547877982, -0.9831191181870959, 1731618875007897523, 
0.18058204650878906, 0.05275529623031616, 0.11841720118114425, 0.002312072559942945, 0.038666572281360695, 0.05979512595838459, -0.933391827031267, -0.9839626545607673, 1731618875107875158, 
-0.009862184524536133, -0.01481473445892334, 0.038930668633833626, 0.0007762221718133344, 0.03452545344626362, 0.022482606145100115, -0.9364002086295609, -0.9847532244952699, 1731618875208370398, 
-0.26985877752304077, -0.03594774007797241, -0.15181766843508526, -0.0023457592280114207, 0.03456402414001531, -0.06786707527193567, -0.9400279912244486, -0.9857207296956104, 1731618875318200828, 
0.16742998361587524, -0.009019076824188232, 0.04556381085825367, -0.001983252565191833, 0.033576246595109445, -0.05906713127013738, -0.9436916001998442, -0.9866759318665119, 1731618875408897090, 
-0.3417075276374817, -0.015535473823547363, -0.19380429306847713, -0.0018623038548590258, 0.02505558959747021, -0.07432688213599481, -0.9468040205096772, -0.9874691537797043, 1731618875507885177, 
0.2792213559150696, 0.0459669828414917, 0.09837731743189249, -0.0012220214883456296, 0.01043603571740091, -0.11709633058346541, -0.9487414941156878, -0.9879477007618893, 1731618875608376132, 
0.13701528310775757, -0.0713159441947937, 0.12228499681043231, -0.0025223234947493317, 0.023108715660598866, -0.10915031072237294, -0.9498630448235593, -0.9882124512127278, 1731618875717903265, 
-0.0752599835395813, -0.08007538318634033, 0.00010690188969150749, -0.0027742151286480727, 0.024106173960359103, -0.11508317882423287, -0.9517736502093819, -0.9886412797124338, 1731618875808901147, 
-0.03721719980239868, 0.018916606903076172, -0.023037329798639317, -0.0025364383889457842, 0.01846615068215654, -0.13735609725077638, -0.9538545679840635, -0.9890839437313231, 1731618875908095834, 
0.006153583526611328, 0.1246536374092102, -0.005174584439581596, -0.0008033320509596264, 0.006597668844717072, -0.12175998369528288, -0.9550478210696407, -0.9893153841725622, 1731618876007819939, 
-0.05521702766418457, -0.024494647979736328, -0.03588654083214203, -0.0004161967192008638, 0.01727203117889624, -0.02409657062855422, -0.9564569668474071, -0.9895799259306324, 1731618876117934138, 
-0.017867743968963623, -0.04892468452453613, -0.02471939613795574, 0.001616574133190647, 0.016078801509170265, 0.1005407108402117, -0.9582779980078432, -0.9899006050042374, 1731618876208544975, 
-0.0617140531539917, 0.020373940467834473, -0.047494166090946074, 0.0022179929270761574, 0.017724604323017767, 0.12513638593307255, -0.9601687711335991, -0.9902491919599831, 1731618876308402045, 
0.3049396276473999, 0.14857155084609985, 0.17042292869212244, 0.00350983323280759, 0.0296697806901805, 0.11829656812964591, -0.9623265561004986, -0.9906739757990849, 1731618876404350138, 
-0.29291242361068726, -0.04420500993728638, -0.1161796723161132, 0.0021693966871854133, 0.018159388537047523, 0.11946419246218346, -0.9642895571114253, -0.9910877899536956, 1731618876514274377, 
-0.3961825966835022, 0.0905953049659729, -0.28893887108956684, 0.0017360890991979876, 0.01514690166923301, 0.11461678019105392, -0.9670366161773793, -0.9916882799925042, 1731618876612961865, 
0.2881888747215271, -0.18685656785964966, 0.06763534062204146, -0.00032782034032557386, -0.002618461783974865, 0.1251957704068293, -0.9682236728102132, -0.991974602439515, 1731618876708034047, 
-0.3321428894996643, 0.03949391841888428, -0.17912751674287097, 0.001370314294749948, 0.010356113918806791, 0.1323193531370339, -0.9689912923815054, -0.9921514936261085, 1731618876808668745, 
-0.26016294956207275, -0.030016779899597168, -0.22896911212982868, 0.0005476739068660168, 0.004116864876822536, 0.13303179075644583, -0.9708144749402822, -0.9926195050841276, 1731618876918271798, 
0.817694902420044, -0.1554434895515442, 0.41779535593820544, 0.0006676239926447317, 0.006737002784983192, 0.09909807283037918, -0.9710116584727689, -0.9926903415199358, 1731618877013045475, 
-0.2761659026145935, -0.20303797721862793, -0.011216712048921273, -0.0008163650131941029, 0.020300574523628157, -0.04021388716087433, -0.9711363399891862, -0.9927240658967889, 1731618877103134950, 
-0.0841519832611084, 0.2407665252685547, -0.05645732072772249, -0.001961662444944129, 0.007344835501677381, -0.2670805145324403, -0.9725216396760671, -0.9931366915439663, 1731618877203045181, 
0.16514438390731812, -0.14620018005371094, 0.08085837057016579, -0.00856403778204464, 0.029536308294773075, -0.28994949865011344, -0.9745141503112433, -0.9936810278141092, 1731618877312966713, 
-0.2968682646751404, 0.18345898389816284, -0.15322119335541506, 0.0026381110796394013, -0.010648124937574673, -0.24775358056986557, -0.9751991714011167, -0.9938177045454707, 1731618877412865821, 
0.005455315113067627, -0.07441377639770508, -0.05465519049614263, -0.001394321157495797, 0.007858090989233756, -0.17743764476717488, -0.9758573624196997, -0.9939791320785524, 1731618877502883834, 
0.23525184392929077, 0.2677605152130127, 0.1239881849452449, 0.0061229462100044875, -0.019527659116815043, -0.3135524935875232, -0.9749016270054706, -0.9937700400849465, 1731618877602830121, 
-0.28886324167251587, 0.062005460262298584, -0.13108899222453363, 0.0032507177260776236, -0.01509029906374047, -0.21541771388007602, -0.9731736352727287, -0.9935043604248138, 1731618877717929457, 
0.5614262819290161, -0.18632525205612183, 0.29764647322525034, -0.00364530680717904, 0.035480634863929945, -0.10274074353965137, -0.9742399537901901, -0.9936779562290206, 1731618877807871406, 
-0.6474374532699585, -0.1343543529510498, -0.2864052364376894, 0.00030419076715772653, 0.03883021929493762, 0.007833866835704029, -0.9777144321891087, -0.9941163109430827, 1731618877907872967, 
0.4042254686355591, -0.19715744256973267, 0.14017516497680022, 0.0035890732032318323, 0.016537468880247597, 0.21702675477252945, -0.9808275972913844, -0.9944499520949011, 1731618878003380585, 
0.14728528261184692, 0.0034734010696411133, 0.14439289168662295, 0.005243956398844107, 0.020393296973094815, 0.25714117760176486, -0.9818412769921088, -0.9945835713953466, 1731618878117938210, 
-0.2516975998878479, 0.0884818434715271, -0.10033019634108314, 0.007891168517173145, 0.027096480403491146, 0.29122485280990357, -0.9840440046221802, -0.9949223867173245, 1731618878207876580, 
0.219734787940979, -0.35825568437576294, 0.09623461075547582, -0.012045884878540343, -0.04570429776204613, 0.2635613162958061, -0.9825212049082032, -0.9947089383516218, 1731618878308060577, 
-0.3049679398536682, 0.10499638319015503, -0.1507490540787821, 0.0016433455625122716, 0.00824143978349244, 0.1994002996665563, -0.9812536635151504, -0.9943706844131329, 1731618878404400843, 
-0.5847188830375671, -0.02026951313018799, -0.4187690993067844, -0.002638835930857321, -0.00899962872046727, 0.2932160884432919, -0.9826301713591121, -0.9946808646677581, 1731618878517948444, 
0.3076769709587097, -0.06765896081924438, 0.03042102768040661, -0.004443306883173935, -0.015796791492914027, 0.2812790739921503, -0.9826280932060535, -0.9946849125931208, 1731618878607922167, 
0.3025417923927307, -0.0926925539970398, 0.19841521566725545, -0.0046769840940642845, -0.01524599193566219, 0.3067681075656522, -0.9805505489169817, -0.9940867264296755, 1731618878707888704, 
-0.08605289459228516, -0.02722179889678955, 0.022609166020194832, -0.0011436745554522277, -0.0037742532118599827, 0.3030200919902286, -0.9790743406422595, -0.9935927031617195, 1731618878803978937, 
0.4214443564414978, -0.5981857776641846, 0.26719894614938094, -0.02429032555720715, -0.09961759779164871, 0.24383568863014174, -0.9727314215831395, -0.9914154546956222, 1731618878918942803, 
-0.10639810562133789, 0.14420992136001587, 0.03768523524854733, 0.00020387100497016875, -0.004414276061511638, -0.0461844710501306, -0.9676704227096179, -0.9892775455636108, 1731618879008000422, 
-0.017812788486480713, 0.06004440784454346, 0.003515999726106736, -0.0004474023954646783, 0.005097928416211137, -0.08776160803709265, -0.9676317361254455, -0.9892540063858384, 1731618879107885685, 
0.1972026824951172, -0.12949305772781372, 0.12343488030460015, -0.0034832641288975496, 0.023857463854923756, -0.14600311877570615, -0.9688239862849268, -0.9897226809500297, 1731618879205546653, 
0.2176690697669983, 0.28230398893356323, 0.1808941394693614, 0.0012844039201915546, -0.006794440228369544, -0.189037489038265, -0.9684662120884574, -0.9895751913267412, 1731618879318968370, 
0.20313119888305664, -0.11141902208328247, 0.19490992851467015, -0.0029131520240997266, 0.028004925953307475, -0.10402284330109696, -0.9687545097251273, -0.9896871524470929, 1731618879407889271, 
0.14537501335144043, -0.05038374662399292, 0.1640623683593152, -0.004554260088123774, 0.03233937055880094, -0.1408271097869084, -0.9706181325537802, -0.9903233730561021, 1731618879507931899, 
-0.016970694065093994, 0.049004554748535156, 0.05196440681411646, -0.005184544814360258, 0.03069007412350267, -0.1689323001794218, -0.9729359618536852, -0.9910859705476657, 1731618879605689692, 
-0.11806035041809082, -0.1254085898399353, -0.05288304404953022, -0.003043242910877375, 0.044477917565068845, -0.06842143421902051, -0.9766419601414275, -0.9922440305356218, 1731618879714949129, 
-0.1460355520248413, -0.011981368064880371, -0.11058293139562878, -0.0006383006213435765, 0.02887076283892584, -0.022108893516418253, -0.980459972225354, -0.993383642208298, 1731618879807893113, 
-0.524419903755188, 0.18614161014556885, -0.3661833516467611, 0.00023503152112625065, 0.014887432900908926, 0.01578724301836492, -0.9837247040811368, -0.9943532606464495, 1731618879907977689, 
0.35513508319854736, -0.1746266484260559, 0.07969190277608035, 0.0004165230843021553, 0.004787499927362531, 0.0870022121403187, -0.9855499245169177, -0.9948858748430195, 1731618880006455510, 
-0.31121528148651123, -0.011057794094085693, -0.1617445503786028, 0.0010913711736413086, 0.010086739224472762, 0.10819861100338449, -0.9864845064093887, -0.9951674256433974, 1731618880115995103, 
-0.6802182197570801, 0.2794799208641052, -0.481486994940387, 0.002156357661712394, 0.018765344131965872, 0.11491170353967244, -0.9897412472791407, -0.9961757872446777, 1731618880165899725, 
-0.022804439067840576, -0.15565508604049683, -0.19795415192470617, -0.002532057638600086, -0.012381431200965149, 0.2045044387439401, -0.9917722941913952, -0.9968361510599285, 1731618880308564184, 
